,mpg,cylinders,displacement,horsepower,weight,acceleration,model year,origin
0,0.2393617021276596,1.0,0.6175710594315246,0.4565217391304348,0.5361497022965693,0.238095238095238,70,0.0
1,0.1595744680851063,1.0,0.7286821705426357,0.6467391304347826,0.5897363198185427,0.2083333333333333,70,0.0
2,0.2393617021276596,1.0,0.6459948320413437,0.5652173913043478,0.5168698610717324,0.1785714285714286,70,0.0
3,0.1861702127659574,1.0,0.6098191214470284,0.5652173913043478,0.5160192798412249,0.238095238095238,70,0.0
4,0.2127659574468085,1.0,0.6046511627906976,0.5108695652173912,0.5205557130705982,0.1488095238095238,70,0.0
5,0.1595744680851063,1.0,0.9328165374677002,0.826086956521739,0.7734618656081657,0.119047619047619,70,0.0
6,0.1329787234042553,1.0,0.9974160206718348,0.9456521739130436,0.7771477176070315,0.0595238095238095,70,0.0
7,0.1329787234042553,1.0,0.9612403100775192,0.9184782608695652,0.7652395803799262,0.0297619047619047,70,0.0
8,0.1329787234042553,1.0,1.0,0.9728260869565216,0.797278140062376,0.119047619047619,70,0.0
9,0.1595744680851063,1.0,0.8320413436692506,0.7826086956521738,0.6342500708817692,0.0297619047619047,70,0.0
10,0.1595744680851063,1.0,0.813953488372093,0.6739130434782609,0.5528777998298838,0.119047619047619,70,0.0
11,0.1329787234042553,1.0,0.702842377260982,0.6195652173913043,0.5659200453643324,0.0,70,0.0
12,0.1595744680851063,1.0,0.8578811369509045,0.5652173913043478,0.6090161610433796,0.0892857142857143,70,0.0
13,0.1329787234042553,1.0,1.0,0.9728260869565216,0.4176353841791891,0.119047619047619,70,0.0
14,0.3989361702127659,0.1999999999999999,0.1162790697674418,0.2663043478260869,0.2151970513184009,0.4166666666666666,70,1.0
15,0.3457446808510638,0.6000000000000001,0.3359173126614987,0.2663043478260869,0.3459030337397222,0.4464285714285714,70,0.0
16,0.2393617021276596,0.6000000000000001,0.338501291989664,0.2771739130434782,0.3291749362064077,0.4464285714285714,70,0.0
17,0.3191489361702128,0.6000000000000001,0.3410852713178295,0.2119565217391304,0.2761553728381061,0.4761904761904761,70,0.0
18,0.4787234042553191,0.1999999999999999,0.0749354005167958,0.2282608695652174,0.1465834987241281,0.3869047619047618,70,1.0
19,0.4521276595744681,0.1999999999999999,0.0749354005167958,0.0,0.0629430110575559,0.744047619047619,70,0.5
20,0.4255319148936169,0.1999999999999999,0.1085271317829457,0.2228260869565217,0.3002551743691523,0.5654761904761904,70,0.5
21,0.3989361702127659,0.1999999999999999,0.1007751937984496,0.2391304347826087,0.2316416217748794,0.3869047619047618,70,0.5
22,0.4255319148936169,0.1999999999999999,0.0930232558139534,0.2663043478260869,0.2160476325489084,0.5654761904761904,70,0.5
23,0.4521276595744681,0.1999999999999999,0.1369509043927648,0.3641304347826086,0.1760703147150553,0.2678571428571428,70,0.5
24,0.3191489361702128,0.6000000000000001,0.338501291989664,0.2391304347826087,0.2934505245250921,0.4166666666666666,70,0.0
25,0.026595744680851,1.0,0.7545219638242894,0.9184782608695652,0.8511482846611852,0.3571428571428571,70,0.0
26,0.026595744680851,1.0,0.6175710594315246,0.8369565217391304,0.7833853132974199,0.4166666666666666,70,0.0
27,0.0531914893617021,1.0,0.6459948320413437,0.8913043478260869,0.7850864757584349,0.3273809523809523,70,0.0
28,0.0,1.0,0.6098191214470284,0.7989130434782608,0.8843209526509782,0.6249999999999999,70,0.0
29,0.4787234042553191,0.1999999999999999,0.0749354005167958,0.2282608695652174,0.1465834987241281,0.3869047619047618,71,1.0
30,0.5053191489361701,0.1999999999999999,0.1860465116279069,0.2391304347826087,0.1845761270201303,0.4464285714285714,71,0.0
31,0.4255319148936169,0.1999999999999999,0.1162790697674418,0.2663043478260869,0.1743691522540402,0.3571428571428571,71,1.0
33,0.2659574468085106,0.6000000000000001,0.4237726098191214,0.2934782608695652,0.2894811454493904,0.2976190476190475,71,0.0
34,0.1861702127659574,0.6000000000000001,0.4056847545219638,0.3206521739130434,0.5177204423022399,0.4464285714285714,71,0.0
35,0.2127659574468085,0.6000000000000001,0.4702842377260982,0.2934782608695652,0.4865324638502977,0.4464285714285714,71,0.0
36,0.2659574468085106,0.6000000000000001,0.4702842377260982,0.2282608695652174,0.4788772327757301,0.4464285714285714,71,0.0
37,0.2393617021276596,0.6000000000000001,0.4237726098191214,0.2934782608695652,0.4749078537000283,0.4464285714285714,71,0.0
38,0.1329787234042553,1.0,0.7286821705426357,0.6467391304347826,0.736036291465835,0.238095238095238,71,0.0
39,0.1329787234042553,1.0,0.8578811369509045,0.7010869565217391,0.8083356960589737,0.2083333333333333,71,0.0
40,0.1329787234042553,1.0,0.7312661498708011,0.5815217391304348,0.7204423022398639,0.3273809523809523,71,0.0
41,0.1329787234042553,1.0,0.6459948320413437,0.5652173913043478,0.7039977317833853,0.2976190476190475,71,0.0
42,0.0797872340425532,1.0,0.813953488372093,0.7282608695652174,0.94754749078537,0.2083333333333333,71,0.0
43,0.1063829787234042,1.0,0.8578811369509045,0.6739130434782609,0.8882903317266798,0.238095238095238,71,0.0
44,0.1063829787234042,1.0,0.8578811369509045,0.7010869565217391,1.0,0.238095238095238,71,0.0
45,0.2393617021276596,0.6000000000000001,0.4909560723514212,0.3478260869565217,0.3824780266515452,0.3273809523809523,71,0.0
46,0.3457446808510638,0.1999999999999999,0.1860465116279069,0.1413043478260869,0.225404026084491,0.6547619047619048,71,0.0
47,0.2659574468085106,0.6000000000000001,0.4702842377260982,0.2934782608695652,0.4732066912390134,0.4166666666666666,71,0.0
48,0.2393617021276596,0.6000000000000001,0.4702842377260982,0.2282608695652174,0.4326623192514885,0.3869047619047618,71,0.0
49,0.3723404255319148,0.1999999999999999,0.1395348837209302,0.217391304347826,0.1721009356393535,0.3571428571428571,71,0.0
50,0.5053191489361701,0.1999999999999999,0.1240310077519379,0.2391304347826087,0.1445988091862773,0.3571428571428571,71,0.5
51,0.5585106382978723,0.1999999999999999,0.0284237726098191,0.1304347826086956,0.1307059824213212,0.6845238095238094,71,0.5
52,0.5585106382978723,0.1999999999999999,0.0516795865633074,0.1630434782608695,0.1281542387297987,0.3869047619047618,71,0.5
53,0.5851063829787234,0.1999999999999999,0.0077519379844961,0.1032608695652174,0.045364332293734,0.6547619047619048,71,1.0
54,0.6914893617021276,0.1999999999999999,0.0103359173126614,0.125,0.0,0.5952380952380952,71,1.0
55,0.4787234042553191,0.1999999999999999,0.0749354005167958,0.0760869565217391,0.0626594839807201,0.6547619047619048,71,0.5
56,0.4521276595744681,0.1999999999999999,0.0594315245478036,0.1304347826086956,0.0969662602778566,0.744047619047619,71,0.0
57,0.3989361702127659,0.1999999999999999,0.1162790697674418,0.2663043478260869,0.1885455060958322,0.4464285714285714,72,1.0
58,0.4255319148936169,0.1999999999999999,0.0762273901808785,0.1847826086956521,0.1454493904167848,0.5357142857142857,72,0.0
59,0.3723404255319148,0.1999999999999999,0.0749354005167958,0.0434782608695651,0.181740856251772,0.9226190476190476,72,0.5
60,0.2925531914893616,0.1999999999999999,0.1860465116279069,0.2391304347826087,0.225404026084491,0.6845238095238094,72,0.0
61,0.3191489361702128,0.1999999999999999,0.1395348837209302,0.217391304347826,0.1738020981003686,0.5059523809523809,72,0.0
62,0.1063829787234042,1.0,0.7286821705426357,0.6467391304347826,0.7544655514601645,0.238095238095238,72,0.0
63,0.1329787234042553,1.0,0.8578811369509045,0.7010869565217391,0.7859370569889425,0.238095238095238,72,0.0
64,0.1595744680851063,1.0,0.6459948320413437,0.5652173913043478,0.7150552877799831,0.3273809523809523,72,0.0
65,0.1329787234042553,1.0,0.7312661498708011,0.5815217391304348,0.713354125318968,0.2976190476190475,72,0.0
66,0.2127659574468085,1.0,0.6098191214470284,0.5652173913043478,0.58378225120499,0.2083333333333333,72,0.0
67,0.0531914893617021,1.0,0.9328165374677002,0.8804347826086956,0.8562517720442303,0.1785714285714286,72,0.0
68,0.1063829787234042,1.0,0.7286821705426357,0.592391304347826,0.8191097249787355,0.3273809523809523,72,0.0
69,0.0797872340425532,1.0,0.7286821705426357,0.6195652173913043,0.8060674794442869,0.3273809523809523,72,0.0
70,0.1063829787234042,1.0,0.8578811369509045,0.7826086956521738,0.7964275588318684,0.2678571428571428,72,0.0
71,0.2659574468085106,0.0,0.0051679586563307,0.2771739130434782,0.2032889140912956,0.3273809523809523,72,1.0
72,0.1595744680851063,1.0,0.6098191214470284,0.5652173913043478,0.6461582081088745,0.2678571428571428,72,0.0
73,0.1063829787234042,1.0,0.6175710594315246,0.4565217391304348,0.7045647859370571,0.3571428571428571,72,0.0
74,0.1063829787234042,1.0,0.6046511627906976,0.5108695652173912,0.7601360929968811,0.4761904761904761,72,0.0
75,0.1329787234042553,1.0,0.6459948320413437,0.5652173913043478,0.6986107173235044,0.3571428571428571,72,0.0
76,0.2393617021276596,0.1999999999999999,0.1369509043927648,0.3586956521739131,0.374255741423306,0.3869047619047618,72,0.5
77,0.3457446808510638,0.1999999999999999,0.1369509043927648,0.1630434782608695,0.2546073149985823,0.5952380952380952,72,0.5
78,0.3191489361702128,0.1999999999999999,0.1343669250645994,0.2228260869565217,0.3872979869577545,0.6845238095238094,72,0.5
79,0.4521276595744681,0.1999999999999999,0.0723514211886304,0.125,0.1633115962574426,0.5952380952380952,72,0.5
80,0.3457446808510638,0.1999999999999999,0.1395348837209302,0.217391304347826,0.2217181740856252,0.4761904761904761,72,0.0
81,0.5053191489361701,0.1999999999999999,0.0749354005167958,0.25,0.1913807768641905,0.5357142857142857,72,1.0
82,0.3723404255319148,0.1999999999999999,0.1343669250645994,0.2771739130434782,0.2531896796144032,0.3869047619047618,72,1.0
83,0.5053191489361701,0.1999999999999999,0.0775193798449612,0.1847826086956521,0.1562234193365466,0.4166666666666666,72,0.0
84,0.4787234042553191,0.1999999999999999,0.0749354005167958,0.2282608695652174,0.138077686419053,0.5059523809523809,72,1.0
85,0.1063829787234042,1.0,0.7286821705426357,0.7010869565217391,0.7051318400907286,0.2976190476190475,73,0.0
86,0.1329787234042553,1.0,0.6098191214470284,0.5652173913043478,0.58378225120499,0.2083333333333333,73,0.0
87,0.1063829787234042,1.0,0.7286821705426357,0.5380434782608695,0.6733768074851149,0.2976190476190475,73,0.0
88,0.1329787234042553,1.0,0.6046511627906976,0.4945652173913043,0.68868726963425,0.3869047619047618,73,0.0
89,0.1595744680851063,1.0,0.6459948320413437,0.5652173913043478,0.613552594272753,0.2678571428571428,73,0.0
90,0.0797872340425532,1.0,0.9328165374677002,0.826086956521739,0.9466969095548624,0.2083333333333333,73,0.0
91,0.1063829787234042,1.0,0.8578811369509045,0.5652173913043478,0.8083356960589737,0.238095238095238,73,0.0
92,0.1063829787234042,1.0,0.7312661498708011,0.608695652173913,0.779699461298554,0.2976190476190475,73,0.0
93,0.1329787234042553,1.0,0.6459948320413437,0.5652173913043478,0.7439750496172385,0.3869047619047618,73,0.0
94,0.1063829787234042,1.0,0.9612403100775192,0.9184782608695652,0.8851715338814857,0.1785714285714286,73,0.0
95,0.0797872340425532,1.0,1.0,0.9728260869565216,0.9464133824780266,0.1785714285714286,73,0.0
96,0.1063829787234042,1.0,0.7545219638242894,0.7010869565217391,0.62602778565353,0.1785714285714286,73,0.0
97,0.2393617021276596,0.6000000000000001,0.4056847545219638,0.3206521739130434,0.4275588318684434,0.5059523809523809,73,0.0
98,0.1861702127659574,0.6000000000000001,0.4702842377260982,0.2934782608695652,0.47207258293167,0.5952380952380952,73,0.0
99,0.2393617021276596,0.6000000000000001,0.4237726098191214,0.2934782608695652,0.3776580663453359,0.4761904761904761,73,0.0
100,0.2393617021276596,0.6000000000000001,0.4702842377260982,0.2282608695652174,0.3992061241848597,0.5059523809523809,73,0.0
101,0.3723404255319148,0.6000000000000001,0.3359173126614987,0.2663043478260869,0.3660334561950666,0.4761904761904761,73,0.0
102,0.4521276595744681,0.1999999999999999,0.0749354005167958,0.0,0.0955486248936773,0.7738095238095238,73,0.5
103,0.0531914893617021,1.0,0.8578811369509045,0.5652173913043478,0.9594556280124752,0.3571428571428571,73,0.0
104,0.0797872340425532,1.0,0.8578811369509045,0.6576086956521738,0.933654664020414,0.2678571428571428,73,0.0
105,0.1063829787234042,1.0,0.7545219638242894,0.6739130434782609,0.8622058406577827,0.2976190476190475,73,0.0
106,0.0797872340425532,1.0,0.7286821705426357,0.7282608695652174,0.818259143748228,0.2678571428571428,73,0.0
107,0.2393617021276596,0.6000000000000001,0.4237726098191214,0.2934782608695652,0.3334278423589453,0.4166666666666666,73,0.0
108,0.2925531914893616,0.1999999999999999,0.0749354005167958,0.2282608695652174,0.1888290331726679,0.6547619047619048,73,1.0
109,0.3191489361702128,0.1999999999999999,0.1860465116279069,0.1413043478260869,0.2234193365466402,0.6845238095238094,73,0.0
110,0.3457446808510638,0.1999999999999999,0.1033591731266149,0.2608695652173912,0.2171817408562517,0.5059523809523809,73,1.0
111,0.2393617021276596,0.0,0.0051679586563307,0.2391304347826087,0.1448823362631131,0.3273809523809523,73,1.0
112,0.2659574468085106,0.1999999999999999,0.1395348837209302,0.2119565217391304,0.1976183725545789,0.6249999999999999,73,0.0
113,0.3191489361702128,0.6000000000000001,0.2248062015503876,0.3315217391304348,0.2435497590019847,0.3571428571428571,73,0.0
114,0.4521276595744681,0.1999999999999999,0.0775193798449612,0.2391304347826087,0.1848596540969662,0.4464285714285714,73,0.5
115,0.1595744680851063,1.0,0.7286821705426357,0.5380434782608695,0.7000283527076835,0.2976190476190475,73,0.0
116,0.1861702127659574,1.0,0.8578811369509045,1.0,0.7555996597675078,0.0892857142857143,73,0.0
117,0.5319148936170213,0.1999999999999999,0.0,0.0163043478260869,0.0720158775163027,0.6845238095238094,73,0.5
118,0.3989361702127659,0.1999999999999999,0.1240310077519379,0.1576086956521739,0.1545222568755316,0.4464285714285714,73,0.5
119,0.2925531914893616,0.1999999999999999,0.1188630490956072,0.2445652173913043,0.2747377374539268,0.3571428571428571,73,0.5
120,0.2659574468085106,0.1999999999999999,0.1369509043927648,0.3586956521739131,0.3558264814289764,0.4464285714285714,73,0.5
121,0.1595744680851063,1.0,0.6459948320413437,0.5652173913043478,0.5063793592288064,0.1785714285714286,73,0.0
122,0.3989361702127659,0.1999999999999999,0.1369509043927648,0.3478260869565217,0.2968528494471222,0.3571428571428571,73,0.5
123,0.2925531914893616,0.6000000000000001,0.2273901808785529,0.4130434782608695,0.3385313297419904,0.3273809523809523,73,1.0
124,0.0531914893617021,1.0,0.7286821705426357,0.7282608695652174,0.5815140345903035,0.1785714285714286,73,0.0
125,0.2925531914893616,0.6000000000000001,0.3359173126614987,0.2663043478260869,0.4221718174085626,0.5059523809523809,74,0.0
127,0.2659574468085106,0.6000000000000001,0.4237726098191214,0.2934782608695652,0.3651828749645591,0.4761904761904761,74,0.0
128,0.1595744680851063,0.6000000000000001,0.4702842377260982,0.2934782608695652,0.4885171533881486,0.5357142857142857,74,0.0
129,0.5851063829787234,0.1999999999999999,0.0284237726098191,0.1141304347826087,0.0955486248936773,0.6547619047619048,74,1.0
130,0.4521276595744681,0.1999999999999999,0.1395348837209302,0.1847826086956521,0.2375956903884321,0.5059523809523809,74,0.0
131,0.6117021276595744,0.1999999999999999,0.0077519379844961,0.1032608695652174,0.0632265381343918,0.7738095238095238,74,1.0
132,0.4255319148936169,0.1999999999999999,0.1860465116279069,0.1576086956521739,0.2633966543804933,0.5357142857142857,74,0.0
133,0.1861702127659574,0.6000000000000001,0.4702842377260982,0.2934782608695652,0.6146867025800965,0.5357142857142857,74,0.0
134,0.1861702127659574,0.6000000000000001,0.4909560723514212,0.3478260869565217,0.5724411681315565,0.5952380952380952,74,0.0
135,0.2393617021276596,0.6000000000000001,0.4056847545219638,0.3206521739130434,0.5670541536716757,0.5059523809523809,74,0.0
136,0.1861702127659574,1.0,0.6046511627906976,0.5108695652173912,0.7167564502409981,0.3571428571428571,74,0.0
137,0.1063829787234042,1.0,0.7286821705426357,0.5652173913043478,0.8749645591153955,0.3869047619047618,74,0.0
138,0.1329787234042553,1.0,0.6459948320413437,0.5652173913043478,0.8063510065211227,0.3273809523809523,74,0.0
139,0.1329787234042553,1.0,0.6046511627906976,0.5108695652173912,0.8576694074284094,0.4761904761904761,74,0.0
140,0.1329787234042553,1.0,0.6098191214470284,0.5652173913043478,0.7496455911539551,0.4464285714285714,74,0.0
141,0.5319148936170213,0.1999999999999999,0.0775193798449612,0.2010869565217391,0.1718174085625177,0.5059523809523809,74,0.5
142,0.4521276595744681,0.1999999999999999,0.0284237726098191,0.1141304347826087,0.0992344768925432,0.4464285714285714,74,0.5
143,0.4521276595744681,0.1999999999999999,0.0749354005167958,0.1739130434782608,0.1947831017862206,0.3869047619047618,74,0.5
144,0.5851063829787234,0.1999999999999999,0.0206718346253229,0.0326086956521738,0.0102069747660901,0.5059523809523809,74,1.0
145,0.6117021276595744,0.1999999999999999,0.0387596899224806,0.0815217391304347,0.1105755599659767,0.6547619047619048,74,1.0
146,0.5053191489361701,0.1999999999999999,0.0568475452196382,0.1576086956521739,0.1451658633399489,0.3869047619047618,74,0.0
147,0.3989361702127659,0.1999999999999999,0.0568475452196382,0.1576086956521739,0.1403459030337397,0.4464285714285714,74,0.5
148,0.4521276595744681,0.1999999999999999,0.1240310077519379,0.1576086956521739,0.1794726396370853,0.3571428571428571,74,0.5
149,0.3989361702127659,0.1999999999999999,0.1343669250645994,0.2771739130434782,0.2483697193081939,0.4166666666666666,74,1.0
150,0.4521276595744681,0.1999999999999999,0.1033591731266149,0.2554347826086957,0.2205840657782818,0.4464285714285714,74,1.0
151,0.5851063829787234,0.1999999999999999,0.0284237726098191,0.1141304347826087,0.1097249787354692,0.4761904761904761,74,0.5
152,0.2659574468085106,0.6000000000000001,0.4056847545219638,0.2663043478260869,0.4681032038559682,0.4761904761904761,75,0.0
153,0.2393617021276596,0.6000000000000001,0.4702842377260982,0.3206521739130434,0.5233909838389567,0.4761904761904761,75,0.0
154,0.1595744680851063,0.6000000000000001,0.4702842377260982,0.1413043478260869,0.515735752764389,0.7738095238095238,75,0.0
155,0.1595744680851063,0.6000000000000001,0.4702842377260982,0.1413043478260869,0.4380493337113694,0.6845238095238094,75,0.0
156,0.1861702127659574,1.0,0.8578811369509045,0.6739130434782609,0.8661752197334845,0.2083333333333333,75,0.0
157,0.1595744680851063,1.0,0.7286821705426357,0.5380434782608695,0.8015310462149136,0.3571428571428571,75,0.0
158,0.1861702127659574,1.0,0.6459948320413437,0.5652173913043478,0.8179756166713922,0.3869047619047618,75,0.0
159,0.1329787234042553,1.0,0.7312661498708011,0.5543478260869565,0.8630564218882902,0.3273809523809523,75,0.0
160,0.2127659574468085,0.6000000000000001,0.4211886304909561,0.3478260869565217,0.6504111142614121,0.7738095238095238,75,0.0
161,0.1861702127659574,0.6000000000000001,0.4702842377260982,0.3206521739130434,0.6475758434930535,0.6249999999999999,75,0.0
162,0.1595744680851063,0.6000000000000001,0.4909560723514212,0.3478260869565217,0.6002268216614687,0.6547619047619048,75,0.0
163,0.2393617021276596,0.6000000000000001,0.4056847545219638,0.2663043478260869,0.6158208108874398,0.6547619047619048,75,0.0
164,0.3191489361702128,0.6000000000000001,0.4211886304909561,0.3478260869565217,0.4043096115679048,0.4166666666666666,75,0.0
165,0.2925531914893616,1.0,0.5012919896640827,0.3478260869565217,0.4559115395520272,0.3273809523809523,75,0.0
166,0.1063829787234042,1.0,0.6046511627906976,0.4510869565217391,0.4411681315565636,0.238095238095238,75,0.0
167,0.5319148936170213,0.1999999999999999,0.0749354005167958,0.1576086956521739,0.1582081088743975,0.4761904761904761,75,1.0
168,0.3723404255319148,0.1999999999999999,0.1860465116279069,0.2010869565217391,0.2908987808335695,0.5357142857142857,75,0.0
169,0.2925531914893616,0.6000000000000001,0.4237726098191214,0.2934782608695652,0.368868726963425,0.4761904761904761,75,0.0
170,0.3723404255319148,0.1999999999999999,0.1860465116279069,0.1739130434782608,0.2775730082222852,0.6249999999999999,75,0.0
171,0.3989361702127659,0.1999999999999999,0.1705426356589147,0.2717391304347826,0.3087609866742273,0.3273809523809523,75,1.0
172,0.4255319148936169,0.1999999999999999,0.0568475452196382,0.1358695652173913,0.1729515168698611,0.5059523809523809,75,0.5
173,0.3989361702127659,0.1999999999999999,0.1317829457364341,0.2771739130434782,0.2642472356110008,0.5357142857142857,75,1.0
174,0.2393617021276596,0.6000000000000001,0.2661498708010336,0.2771739130434782,0.3887156223419337,0.3869047619047618,75,0.0
175,0.5319148936170213,0.1999999999999999,0.0568475452196382,0.1304347826086956,0.0918627728948114,0.3571428571428571,75,0.5
176,0.2659574468085106,0.6000000000000001,0.4237726098191214,0.2391304347826087,0.4530762687836688,0.5357142857142857,75,0.0
177,0.3723404255319148,0.1999999999999999,0.1214470284237725,0.2663043478260869,0.3064927700595407,0.4166666666666666,75,0.5
178,0.3723404255319148,0.1999999999999999,0.1343669250645994,0.2282608695652174,0.381060391267366,0.5357142857142857,75,0.5
179,0.3457446808510638,0.1999999999999999,0.1369509043927648,0.2826086956521739,0.3776580663453359,0.3869047619047618,75,0.5
180,0.4255319148936169,0.1999999999999999,0.1369509043927648,0.375,0.2999716472923164,0.3273809523809523,75,0.5
181,0.6382978723404255,0.1999999999999999,0.0594315245478036,0.0380434782608695,0.0516019279841224,0.5654761904761904,75,1.0
182,0.5053191489361701,0.1999999999999999,0.1007751937984496,0.217391304347826,0.241281542387298,0.4464285714285714,76,0.5
183,0.4255319148936169,0.1999999999999999,0.1240310077519379,0.1902173913043478,0.1721009356393535,0.5297619047619045,76,0.5
184,0.4255319148936169,0.1999999999999999,0.1860465116279069,0.25,0.2719024666855685,0.4107142857142857,76,0.0
185,0.4521276595744681,0.1999999999999999,0.0775193798449612,0.1793478260869564,0.1820243833286079,0.5773809523809522,76,0.0
186,0.4787234042553191,0.1999999999999999,0.0852713178294573,0.2010869565217391,0.1669974482563084,0.4345238095238095,76,0.5
187,0.226063829787234,1.0,0.6124031007751938,0.5108695652173912,0.7377374539268501,0.2976190476190475,76,0.0
188,0.1861702127659574,1.0,0.6459948320413437,0.5652173913043478,0.7306492770059542,0.2976190476190475,76,0.0
189,0.1728723404255319,1.0,0.6098191214470284,0.4021739130434782,0.666005103487383,0.3511904761904761,76,0.0
190,0.1462765957446808,1.0,0.7312661498708011,0.5760869565217391,0.7377374539268501,0.2857142857142857,76,0.0
191,0.3457446808510638,0.6000000000000001,0.4056847545219638,0.2934782608695652,0.4593138644740573,0.4404761904761904,76,0.0
192,0.3457446808510638,0.6000000000000001,0.4702842377260982,0.3206521739130434,0.4933371136943578,0.3869047619047618,76,0.0
193,0.3989361702127659,0.6000000000000001,0.3410852713178295,0.1902173913043478,0.3966543804933371,0.5714285714285715,76,0.0
194,0.3590425531914893,0.6000000000000001,0.4237726098191214,0.2391304347826087,0.4173518571023532,0.5714285714285715,76,0.0
195,0.5319148936170213,0.1999999999999999,0.0439276485788113,0.0326086956521738,0.1196484264247236,0.8452380952380952,76,0.0
196,0.4122340425531914,0.1999999999999999,0.0775193798449612,0.0760869565217391,0.1562234193365466,0.8392857142857143,76,0.0
197,0.5319148936170213,0.1999999999999999,0.0568475452196382,0.1304347826086956,0.0918627728948114,0.3690476190476189,76,0.5
198,0.6382978723404255,0.1999999999999999,0.0594315245478036,0.0380434782608695,0.0516019279841224,0.5595238095238094,76,1.0
199,0.2925531914893616,0.6000000000000001,0.4056847545219638,0.2934782608695652,0.5778281825914374,0.5773809523809522,76,0.0
200,0.2393617021276596,0.6000000000000001,0.4702842377260982,0.1739130434782608,0.5559965976750779,0.7738095238095238,76,0.0
201,0.252659574468085,0.6000000000000001,0.4702842377260982,0.3478260869565217,0.5761270201304224,0.488095238095238,76,0.0
202,0.226063829787234,0.6000000000000001,0.4909560723514212,0.2663043478260869,0.4479727814006238,0.5833333333333334,76,0.0
203,0.5452127659574467,0.1999999999999999,0.0749354005167958,0.1358695652173913,0.0601077402891976,0.2499999999999999,76,0.5
204,0.6117021276595744,0.1999999999999999,0.0439276485788113,0.1304347826086956,0.1068897079671108,0.5357142857142857,76,1.0
205,0.5053191489361701,0.1999999999999999,0.0749354005167958,0.1576086956521739,0.1536716756450241,0.4999999999999999,76,1.0
206,0.4654255319148935,0.1999999999999999,0.1860465116279069,0.1413043478260869,0.2699177771477176,0.3333333333333332,76,0.0
207,0.2925531914893616,0.1999999999999999,0.1602067183462532,0.3043478260869565,0.4357811170966827,0.4583333333333332,76,0.5
208,0.1063829787234042,1.0,0.6459948320413437,0.5652173913043478,0.6597675077969946,0.3095238095238094,76,0.0
209,0.2659574468085106,0.1999999999999999,0.1343669250645994,0.2282608695652174,0.4698043663169833,0.8273809523809522,76,0.5
210,0.2659574468085106,0.6000000000000001,0.2273901808785529,0.3369565217391304,0.3734051601927984,0.4464285714285714,76,1.0
211,0.1994680851063829,0.6000000000000001,0.2583979328165374,0.4021739130434782,0.625744258576694,0.5178571428571428,76,0.5
212,0.1994680851063829,1.0,0.7286821705426357,0.7282608695652174,0.7845194216047632,0.2440476190476189,76,0.0
213,0.1063829787234042,1.0,0.7286821705426357,0.5380434782608695,0.692373121633116,0.238095238095238,76,0.0
214,0.1063829787234042,1.0,0.6046511627906976,0.4565217391304348,0.6399206124184861,0.4166666666666666,76,0.0
215,0.1063829787234042,1.0,0.6459948320413437,0.5652173913043478,0.6073149985823646,0.3571428571428571,76,0.0
216,0.5984042553191489,0.1999999999999999,0.0775193798449612,0.1195652173913043,0.1224836971930819,0.6249999999999999,77,1.0
217,0.5585106382978723,0.1999999999999999,0.1111111111111111,0.1847826086956521,0.1536716756450241,0.4047619047619047,77,0.0
218,0.7180851063829787,0.1999999999999999,0.0284237726098191,0.0652173913043478,0.0601077402891976,0.630952380952381,77,0.5
219,0.4388297872340425,0.1999999999999999,0.1395348837209302,0.2717391304347826,0.1947831017862206,0.4464285714285714,77,0.0
220,0.651595744680851,0.1999999999999999,0.0439276485788113,0.1304347826086956,0.0941309895094981,0.5238095238095238,77,1.0
221,0.226063829787234,1.0,0.6124031007751938,0.5380434782608695,0.6427558831868444,0.2678571428571428,77,0.0
222,0.2127659574468085,1.0,0.4961240310077519,0.3478260869565217,0.6937907570172951,0.6547619047619048,77,0.0
223,0.1728723404255319,1.0,0.6459948320413437,0.5380434782608695,0.7164729231641621,0.3392857142857142,77,0.0
224,0.1595744680851063,1.0,0.6046511627906976,0.4565217391304348,0.7604196200737171,0.4107142857142857,77,0.0
225,0.226063829787234,0.6000000000000001,0.4702842377260982,0.3478260869565217,0.5406861355259427,0.4999999999999999,77,0.0
226,0.3058510638297872,0.6000000000000001,0.4211886304909561,0.3206521739130434,0.5137510632265382,0.5297619047619045,77,0.0
227,0.2659574468085106,0.6000000000000001,0.4056847545219638,0.2934782608695652,0.5718741139778848,0.5773809523809522,77,0.0
228,0.252659574468085,0.6000000000000001,0.4702842377260982,0.2826086956521739,0.542103770910122,0.6547619047619048,77,0.0
229,0.1861702127659574,1.0,0.8578811369509045,0.7282608695652174,0.7391550893110291,0.1845238095238095,77,0.0
230,0.1728723404255319,1.0,0.7286821705426357,0.6739130434782609,0.723561100085058,0.2023809523809524,77,0.0
231,0.1728723404255319,1.0,0.8578811369509045,0.7826086956521738,0.7689254323787921,0.2499999999999999,77,0.0
232,0.1861702127659574,1.0,0.7312661498708011,0.5597826086956521,0.7717607031471506,0.3869047619047618,77,0.0
233,0.5319148936170213,0.1999999999999999,0.0749354005167958,0.1739130434782608,0.092713354125319,0.3869047619047618,77,0.5
234,0.4122340425531914,0.1999999999999999,0.214470284237726,0.2282608695652174,0.3195350155939892,0.4761904761904761,77,0.0
235,0.4521276595744681,0.1999999999999999,0.0749354005167958,0.1576086956521739,0.1848596540969662,0.6071428571428571,77,1.0
236,0.4388297872340425,0.1999999999999999,0.1860465116279069,0.233695652173913,0.3237879217465268,0.4642857142857143,77,0.0
237,0.5718085106382979,0.1999999999999999,0.0775193798449612,0.092391304347826,0.1241848596540969,0.5357142857142857,77,0.0
238,0.651595744680851,0.1999999999999999,0.0775193798449612,0.2010869565217391,0.1309895094981571,0.4702380952380952,77,0.0
239,0.5585106382978723,0.1999999999999999,0.0749354005167958,0.1141304347826087,0.1054720725829316,0.4999999999999999,77,1.0
240,0.5718085106382979,0.1999999999999999,0.0749354005167958,0.1739130434782608,0.1635951233342784,0.363095238095238,77,0.5
241,0.3457446808510638,0.6000000000000001,0.2015503875968992,0.2771739130434782,0.3407995463566771,0.3869047619047618,77,1.0
242,0.3324468085106382,0.1999999999999999,0.1369509043927648,0.3478260869565217,0.2798412248369719,0.2857142857142857,77,0.5
243,0.3324468085106382,0.0,0.0310077519379844,0.3478260869565217,0.3138644740572724,0.3273809523809523,77,1.0
244,0.9069148936170214,0.1999999999999999,0.0568475452196382,0.0108695652173912,0.1054720725829316,0.8035714285714285,78,0.5
245,0.7207446808510638,0.1999999999999999,0.0775193798449612,0.108695652173913,0.0530195633683017,0.3809523809523809,78,0.0
246,0.6329787234042552,0.1999999999999999,0.0258397932816537,0.0326086956521738,0.1054720725829316,0.6785714285714285,78,1.0
247,0.8085106382978723,0.1999999999999999,0.0439276485788113,0.1304347826086956,0.1295718741139778,0.630952380952381,78,1.0
248,0.7207446808510638,0.1999999999999999,0.0594315245478036,0.0760869565217391,0.0530195633683017,0.4999999999999999,78,1.0
249,0.2898936170212765,1.0,0.4961240310077519,0.3478260869565217,0.4967394386163879,0.4464285714285714,78,0.0
250,0.276595744680851,1.0,0.6459948320413437,0.5108695652173912,0.601644457045648,0.3095238095238094,78,0.0
251,0.2978723404255319,1.0,0.6046511627906976,0.5054347826086957,0.5548624893677346,0.2857142857142857,78,0.0
252,0.2712765957446807,0.6000000000000001,0.4211886304909561,0.3206521739130434,0.5449390416784804,0.6666666666666666,78,0.0
253,0.3058510638297872,0.6000000000000001,0.3410852713178295,0.2663043478260869,0.4371987524808619,0.6071428571428571,78,0.0
254,0.2978723404255319,0.6000000000000001,0.3410852713178295,0.2119565217391304,0.3833286078820527,0.4642857142857143,78,0.0
255,0.4281914893617021,0.1999999999999999,0.1860465116279069,0.2282608695652174,0.3138644740572724,0.4404761904761904,78,0.0
256,0.3058510638297872,0.6000000000000001,0.4056847545219638,0.2934782608695652,0.5151686986107173,0.5476190476190476,78,0.0
257,0.276595744680851,0.6000000000000001,0.4237726098191214,0.2391304347826087,0.452792741706833,0.5476190476190476,78,0.0
258,0.3085106382978724,0.6000000000000001,0.4211886304909561,0.3206521739130434,0.5009923447689254,0.4642857142857143,78,0.0
259,0.3138297872340425,0.6000000000000001,0.3410852713178295,0.2119565217391304,0.4130989509498157,0.5178571428571428,78,0.0
260,0.2553191489361702,0.6000000000000001,0.4056847545219638,0.3478260869565217,0.5690388432095265,0.6369047619047618,78,0.0
261,0.2420212765957447,0.6000000000000001,0.4909560723514212,0.4021739130434782,0.5094981570740006,0.4226190476190475,78,0.0
262,0.2712765957446807,1.0,0.6124031007751938,0.5380434782608695,0.5137510632265382,0.3095238095238094,78,0.0
263,0.2313829787234042,0.6000000000000001,0.4211886304909561,0.6467391304347826,0.5194216047632549,0.3214285714285714,78,0.0
264,0.2420212765957447,1.0,0.6046511627906976,0.5054347826086957,0.4513751063226539,0.1904761904761904,78,0.0
265,0.226063829787234,1.0,0.6459948320413437,0.5108695652173912,0.699461298554012,0.3392857142857142,78,0.0
266,0.5585106382978723,0.1999999999999999,0.0775193798449612,0.1195652173913043,0.1536716756450241,0.5059523809523809,78,0.0
267,0.4920212765957447,0.1999999999999999,0.1705426356589147,0.2663043478260869,0.2685001417635384,0.3690476190476189,78,1.0
268,0.4840425531914892,0.1999999999999999,0.1317829457364341,0.2771739130434782,0.1947831017862206,0.3988095238095237,78,1.0
269,0.5824468085106382,0.1999999999999999,0.0956072351421188,0.1576086956521739,0.1749362064077119,0.3869047619047618,78,0.0
270,0.3218085106382978,0.1999999999999999,0.1705426356589147,0.2663043478260869,0.2557414233059257,0.4047619047619047,78,1.0
271,0.377659574468085,0.1999999999999999,0.2273901808785529,0.3206521739130434,0.3209526509781684,0.5178571428571428,78,0.0
272,0.3936170212765957,0.1999999999999999,0.214470284237726,0.2119565217391304,0.3521406294301106,0.5714285714285715,78,0.0
273,0.3962765957446807,0.1999999999999999,0.1317829457364341,0.2771739130434782,0.2245534448539835,0.4107142857142857,78,1.0
274,0.3005319148936169,0.3999999999999999,0.1627906976744186,0.3097826086956521,0.3450524525092147,0.4702380952380952,78,0.5
275,0.2127659574468085,0.6000000000000001,0.2454780361757106,0.4293478260869565,0.4329458463283243,0.3333333333333332,78,0.5
276,0.3351063829787234,0.1999999999999999,0.1369509043927648,0.375,0.3351290048199603,0.4583333333333332,78,0.5
277,0.1914893617021276,0.6000000000000001,0.2454780361757106,0.4728260869565217,0.5094981570740006,0.4642857142857143,78,0.5
278,0.5984042553191489,0.1999999999999999,0.0542635658914728,0.1358695652173913,0.1068897079671108,0.4107142857142857,78,0.5
279,0.5452127659574467,0.1999999999999999,0.0775193798449612,0.1195652173913043,0.1480011341083074,0.511904761904762,78,1.0
280,0.3324468085106382,0.6000000000000001,0.4211886304909561,0.375,0.4627161893960874,0.4404761904761904,79,0.0
281,0.2872340425531915,0.6000000000000001,0.3410852713178295,0.2119565217391304,0.3904167848029487,0.6071428571428571,79,0.0
282,0.3537234042553191,0.1999999999999999,0.1860465116279069,0.2282608695652174,0.3620640771193649,0.5535714285714285,79,0.0
283,0.2978723404255319,0.6000000000000001,0.4237726098191214,0.2391304347826087,0.4683867309328041,0.6071428571428571,79,0.0
284,0.3085106382978724,0.6000000000000001,0.4056847545219638,0.3478260869565217,0.4953218032322086,0.511904761904762,79,0.0
285,0.2127659574468085,1.0,0.6124031007751938,0.4565217391304348,0.6314148001134109,0.4404761904761904,79,0.0
286,0.2287234042553192,1.0,0.6046511627906976,0.4510869565217391,0.5988091862772894,0.3214285714285714,79,0.0
287,0.1994680851063829,1.0,0.7312661498708011,0.5,0.6640204139495322,0.3095238095238094,79,0.0
288,0.2446808510638297,1.0,0.6459948320413437,0.4836956521739129,0.6285795293450523,0.4285714285714285,79,0.0
289,0.2101063829787233,1.0,0.7286821705426357,0.592391304347826,0.7788488800680465,0.4107142857142857,79,0.0
290,0.1728723404255319,1.0,0.7312661498708011,0.5217391304347826,0.69208959455628,0.375,79,0.0
291,0.2712765957446807,1.0,0.5142118863049095,0.4293478260869565,0.5647859370569889,0.4166666666666666,79,0.0
292,0.252659574468085,1.0,0.7545219638242894,0.5652173913043478,0.6597675077969946,0.2976190476190475,79,0.0
293,0.6090425531914893,0.1999999999999999,0.0542635658914728,0.1358695652173913,0.0884604479727814,0.3571428571428571,79,0.5
294,0.6675531914893617,0.1999999999999999,0.0465116279069767,0.1032608695652174,0.1026368018145733,0.4285714285714285,79,1.0
295,0.7101063829787234,0.1999999999999999,0.0775193798449612,0.1847826086956521,0.0856251772044229,0.3809523809523809,79,0.0
296,0.4893617021276595,0.1999999999999999,0.1369509043927648,0.1847826086956521,0.2996881202154806,0.4166666666666666,79,0.0
297,0.4361702127659573,0.3999999999999999,0.2971576227390181,0.1684782608695652,0.5435214062943011,0.7202380952380952,79,0.5
298,0.3723404255319148,1.0,0.7286821705426357,0.4293478260869565,0.648426424723561,0.5595238095238094,79,0.0
299,0.4840425531914892,0.1999999999999999,0.1886304909560723,0.1358695652173913,0.4471222001701163,1.0,79,0.5
300,0.3962765957446807,1.0,0.4961240310077519,0.2391304347826087,0.5123334278423589,0.8452380952380952,79,0.0
301,0.6702127659574468,0.1999999999999999,0.0956072351421188,0.1304347826086956,0.1664303941026368,0.3095238095238094,79,0.0
302,0.6781914893617021,0.1999999999999999,0.0956072351421188,0.1304347826086956,0.1522540402608448,0.4107142857142857,79,0.0
303,0.6063829787234042,0.1999999999999999,0.0439276485788113,0.1032608695652174,0.115395520272186,0.6666666666666666,79,1.0
304,0.752659574468085,0.1999999999999999,0.0594315245478036,0.125,0.1465834987241281,0.3988095238095237,79,0.5
305,0.5159574468085105,0.1999999999999999,0.214470284237726,0.2391304347826087,0.2996881202154806,0.4761904761904761,79,0.0
306,0.526595744680851,0.6000000000000001,0.2713178294573643,0.375,0.2784235894527928,0.1964285714285715,79,0.0
307,0.4734042553191488,0.6000000000000001,0.2713178294573643,0.375,0.3081939325205557,0.2916666666666666,79,0.0
308,0.651595744680851,0.1999999999999999,0.214470284237726,0.2391304347826087,0.267366033456195,0.3095238095238094,79,0.0
309,0.8643617021276596,0.1999999999999999,0.0775193798449612,0.1630434782608695,0.1505528777998298,0.3988095238095237,80,0.5
310,0.773936170212766,0.1999999999999999,0.0542635658914728,0.0760869565217391,0.1006521122767224,0.6428571428571429,80,1.0
311,0.6143617021276596,0.1999999999999999,0.0775193798449612,0.1304347826086956,0.1437482279557698,0.4464285714285714,80,0.0
312,0.75,0.1999999999999999,0.0465116279069767,0.1032608695652174,0.1151119931953501,0.4999999999999999,80,1.0
313,0.5053191489361701,0.1999999999999999,0.214470284237726,0.2391304347826087,0.3019563368301673,0.5059523809523809,80,0.0
314,0.4627659574468085,0.1999999999999999,0.1860465116279069,0.2282608695652174,0.3563935355826482,0.6011904761904762,80,0.0
315,0.4069148936170212,0.1999999999999999,0.214470284237726,0.2391304347826087,0.3941026368018145,0.7202380952380952,80,0.0
316,0.2686170212765957,0.6000000000000001,0.4056847545219638,0.2391304347826087,0.5012758718457613,0.6369047619047618,80,0.0
317,0.6728723404255318,0.1999999999999999,0.0749354005167958,0.1739130434782608,0.1630280691806067,0.4642857142857143,80,0.5
318,0.5531914893617021,0.1999999999999999,0.1705426356589147,0.2391304347826087,0.3113127303657499,0.4464285714285714,80,1.0
319,0.5930851063829787,0.1999999999999999,0.1343669250645994,0.1576086956521739,0.2633966543804933,0.5654761904761904,80,1.0
320,0.7446808510638298,0.1999999999999999,0.1317829457364341,0.25,0.2327757300822228,0.4166666666666666,80,1.0
321,0.6170212765957447,0.1999999999999999,0.1033591731266149,0.1576086956521739,0.1848596540969662,0.4285714285714285,80,1.0
322,1.0000000000000002,0.1999999999999999,0.0465116279069767,0.1032608695652174,0.1409129571874113,0.5892857142857141,80,1.0
323,0.5026595744680851,0.1999999999999999,0.2273901808785529,0.3206521739130434,0.3365466402041395,0.3809523809523809,80,0.0
324,0.8457446808510637,0.1999999999999999,0.0439276485788113,0.1032608695652174,0.1409129571874113,0.6666666666666666,80,1.0
325,0.9388297872340424,0.1999999999999999,0.0568475452196382,0.0108695652173912,0.1338247802665154,0.8154761904761904,80,0.5
326,0.9148936170212766,0.1999999999999999,0.0568475452196382,0.0108695652173912,0.2047065494754749,0.9345238095238094,80,0.5
327,0.7287234042553191,0.3999999999999999,0.1369509043927648,0.1141304347826087,0.3790757017295152,0.7083333333333331,80,0.5
328,0.5585106382978723,0.1999999999999999,0.2015503875968992,0.1141304347826087,0.4641338247802665,0.8214285714285715,80,0.5
329,0.946808510638298,0.1999999999999999,0.0594315245478036,0.1141304347826087,0.0671959172100935,0.3452380952380952,80,1.0
331,0.6595744680851062,0.1999999999999999,0.0749354005167958,0.1141304347826087,0.1508364048766657,0.5952380952380952,80,1.0
332,0.5531914893617021,0.1999999999999999,0.0542635658914728,0.0869565217391304,0.0657782818259143,0.4345238095238095,80,0.5
333,0.6303191489361702,0.6000000000000001,0.2583979328165374,0.467391304347826,0.3677346186560817,0.2023809523809524,80,1.0
334,0.3909574468085106,0.0,0.0051679586563307,0.2934782608695652,0.2288063510065211,0.2678571428571428,80,1.0
335,0.6914893617021276,0.1999999999999999,0.1395348837209302,0.2282608695652174,0.2514885171533881,0.4226190476190475,80,0.5
337,0.6223404255319148,0.1999999999999999,0.1007751937984496,0.1413043478260869,0.1919478310178621,0.5357142857142857,80,1.0
338,0.4840425531914892,0.1999999999999999,0.1731266149870801,0.2065217391304347,0.2486532463850297,0.4583333333333332,81,0.0
339,0.4680851063829787,0.1999999999999999,0.214470284237726,0.2065217391304347,0.2897646725262263,0.4999999999999999,81,0.0
340,0.4468085106382978,0.1999999999999999,0.2273901808785529,0.25,0.2855117663736887,0.3809523809523809,81,0.0
341,0.3856382978723404,0.6000000000000001,0.2713178294573643,0.3478260869565217,0.3152821094414516,0.2738095238095237,81,0.0
342,0.5585106382978723,0.1999999999999999,0.1731266149870801,0.2065217391304347,0.2188829033172667,0.2916666666666666,81,0.0
343,0.8005319148936171,0.1999999999999999,0.0284237726098191,0.0652173913043478,0.0402608449106889,0.5297619047619045,81,1.0
344,0.7978723404255318,0.1999999999999999,0.0465116279069767,0.0978260869565217,0.0742840941309894,0.4999999999999999,81,0.0
345,0.6941489361702128,0.1999999999999999,0.0335917312661498,0.0760869565217391,0.0416784802948681,0.4821428571428572,81,1.0
346,0.6196808510638296,0.1999999999999999,0.0749354005167958,0.1141304347826087,0.1281542387297987,0.5833333333333334,81,1.0
347,0.7446808510638298,0.1999999999999999,0.0439276485788113,0.1032608695652174,0.1026368018145733,0.6785714285714285,81,1.0
348,0.7632978723404257,0.1999999999999999,0.0542635658914728,0.0869565217391304,0.1239013325772611,0.5535714285714285,81,1.0
349,0.6675531914893617,0.1999999999999999,0.0594315245478036,0.1195652173913043,0.1054720725829316,0.4761904761904761,81,1.0
350,0.6835106382978724,0.1999999999999999,0.0956072351421188,0.092391304347826,0.1706833002551744,0.4107142857142857,81,0.0
351,0.675531914893617,0.1999999999999999,0.0775193798449612,0.1032608695652174,0.1224836971930819,0.488095238095238,81,0.0
352,0.5558510638297872,0.1999999999999999,0.0775193798449612,0.1032608695652174,0.2174652679330876,0.7559523809523808,81,0.0
353,0.6382978723404255,0.1999999999999999,0.0956072351421188,0.1521739130434782,0.1635951233342784,0.3690476190476189,81,0.5
355,0.6569148936170213,0.1999999999999999,0.1007751937984496,0.1576086956521739,0.1692656648709951,0.3809523809523809,81,1.0
356,0.6223404255319148,0.1999999999999999,0.1033591731266149,0.1576086956521739,0.2089594556280124,0.5238095238095238,81,1.0
357,0.6356382978723404,0.1999999999999999,0.1317829457364341,0.2934782608695652,0.2840941309895095,0.4047619047619047,81,1.0
358,0.601063829787234,0.1999999999999999,0.1343669250645994,0.1521739130434782,0.2897646725262263,0.613095238095238,81,1.0
359,0.5079787234042553,0.1999999999999999,0.1886304909560723,0.1847826086956521,0.4584632832435498,0.738095238095238,81,0.5
360,0.577127659574468,0.6000000000000001,0.1989664082687338,0.1630434782608695,0.4386163878650411,0.6904761904761906,81,0.5
361,0.4361702127659573,0.6000000000000001,0.2583979328165374,0.3804347826086957,0.3648993478877232,0.2738095238095237,81,1.0
362,0.4042553191489361,0.6000000000000001,0.2015503875968992,0.4021739130434782,0.3734051601927984,0.3452380952380952,81,1.0
363,0.3563829787234042,0.6000000000000001,0.4211886304909561,0.3478260869565217,0.5109157924581798,0.4642857142857143,81,0.0
364,0.4680851063829787,1.0,0.7286821705426357,0.3206521739130434,0.5988091862772894,0.6547619047619048,81,0.0
365,0.2978723404255319,0.6000000000000001,0.3410852713178295,0.2282608695652174,0.4102636801814573,0.5416666666666666,81,0.0
366,0.2287234042553192,0.6000000000000001,0.4056847545219638,0.2119565217391304,0.5250921462999717,0.511904761904762,81,0.0
367,0.5053191489361701,0.1999999999999999,0.1136950904392765,0.2282608695652174,0.2812588602211511,0.6904761904761906,82,0.0
368,0.4787234042553191,0.1999999999999999,0.1136950904392765,0.2282608695652174,0.2911823079104054,0.630952380952381,82,0.0
369,0.6648936170212766,0.1999999999999999,0.1136950904392765,0.2282608695652174,0.2217181740856252,0.5952380952380952,82,0.0
370,0.5851063829787234,0.1999999999999999,0.1136950904392765,0.2119565217391304,0.272753047916076,0.488095238095238,82,0.0
371,0.5319148936170213,0.1999999999999999,0.1731266149870801,0.2065217391304347,0.2585766940742841,0.4761904761904761,82,0.0
372,0.4787234042553191,0.1999999999999999,0.214470284237726,0.2391304347826087,0.31811738020981,0.5952380952380952,82,0.0
373,0.3989361702127659,0.1999999999999999,0.1860465116279069,0.25,0.3549759001984689,0.4999999999999999,82,0.0
375,0.7180851063829787,0.1999999999999999,0.0956072351421188,0.1521739130434782,0.1040544371987525,0.4345238095238095,82,0.5
376,0.7446808510638298,0.1999999999999999,0.0594315245478036,0.1195652173913043,0.1168131556563651,0.6071428571428571,82,1.0
377,0.5851063829787234,0.1999999999999999,0.0594315245478036,0.1195652173913043,0.101219166430394,0.5714285714285715,82,1.0
378,0.7712765957446809,0.1999999999999999,0.0956072351421188,0.092391304347826,0.1451658633399489,0.3988095238095237,82,0.0
379,0.7180851063829787,0.1999999999999999,0.0775193798449612,0.1304347826086956,0.1451658633399489,0.5535714285714285,82,0.0
380,0.7180851063829787,0.1999999999999999,0.1343669250645994,0.2282608695652174,0.1550893110292033,0.3869047619047618,82,1.0
381,0.7180851063829787,0.1999999999999999,0.1007751937984496,0.1576086956521739,0.1678480294868159,0.3869047619047618,82,1.0
382,0.6648936170212766,0.1999999999999999,0.1033591731266149,0.1304347826086956,0.1791891125602495,0.5297619047619045,82,1.0
383,0.7712765957446809,0.1999999999999999,0.0594315245478036,0.1141304347826087,0.0998015310462149,0.4166666666666666,82,1.0
384,0.6117021276595744,0.1999999999999999,0.0594315245478036,0.1141304347826087,0.0998015310462149,0.4583333333333332,82,1.0
385,0.7712765957446809,0.1999999999999999,0.0594315245478036,0.1141304347826087,0.1083073433512901,0.488095238095238,82,1.0
386,0.4255319148936169,0.6000000000000001,0.2919896640826873,0.3478260869565217,0.3776580663453359,0.4999999999999999,82,0.0
387,0.7712765957446809,0.6000000000000001,0.5012919896640827,0.2119565217391304,0.3975049617238446,0.5357142857142857,82,0.0
388,0.4521276595744681,0.1999999999999999,0.2273901808785529,0.25,0.2755883186844343,0.3869047619047618,82,0.0
389,0.3457446808510638,0.6000000000000001,0.4237726098191214,0.3586956521739131,0.3464700878933938,0.3988095238095237,82,0.0
390,0.6117021276595744,0.1999999999999999,0.1963824289405684,0.2717391304347826,0.2982704848313013,0.3511904761904761,82,1.0
391,0.7180851063829787,0.1999999999999999,0.1731266149870801,0.2065217391304347,0.2146299971647292,0.2976190476190475,82,0.0
392,0.4787234042553191,0.1999999999999999,0.214470284237726,0.2391304347826087,0.3790757017295152,0.5535714285714285,82,0.0
393,0.4787234042553191,0.1999999999999999,0.1860465116279069,0.217391304347826,0.3337113694357811,0.4523809523809523,82,0.0
394,0.9308510638297872,0.1999999999999999,0.0749354005167958,0.0326086956521738,0.1465834987241281,0.988095238095238,82,0.5
395,0.6117021276595744,0.1999999999999999,0.1731266149870801,0.2065217391304347,0.1933654664020414,0.2142857142857143,82,0.0
396,0.5053191489361701,0.1999999999999999,0.1343669250645994,0.1793478260869564,0.2869294017578678,0.630952380952381,82,0.0
397,0.5851063829787234,0.1999999999999999,0.1317829457364341,0.1956521739130434,0.3138644740572724,0.6785714285714285,82,0.0
