,mcg,gvh,lip,chg,aac,alm1,alm2,class
0,0.550561797752809,0.15476190476190477,0.0,0.0,0.6363636363636365,0.21649484536082475,0.35353535353535354,cp
1,0.07865168539325844,0.28571428571428575,0.0,0.0,0.6136363636363638,0.32989690721649484,0.4444444444444445,cp
2,0.6292134831460675,0.28571428571428575,0.0,0.0,0.5568181818181819,0.3505154639175258,0.4646464646464647,cp
3,0.6629213483146068,0.3928571428571429,0.0,0.0,0.5909090909090909,0.43298969072164956,0.36363636363636365,cp
4,0.25842696629213485,0.19047619047619047,0.0,0.0,0.6250000000000001,0.22680412371134023,0.35353535353535354,cp
5,0.752808988764045,0.27380952380952384,0.0,0.0,0.4090909090909091,0.3608247422680413,0.4646464646464647,cp
6,0.3258426966292135,0.1428571428571429,0.0,0.0,0.5,0.20618556701030932,0.3434343434343435,cp
7,0.2359550561797753,0.2142857142857143,0.0,0.0,0.5795454545454546,0.2577319587628867,0.393939393939394,cp
8,0.22471910112359553,0.33333333333333337,0.0,0.0,0.5227272727272728,0.4948453608247423,0.5757575757575757,cp
9,0.4719101123595506,0.28571428571428575,0.0,0.0,0.6363636363636365,0.15463917525773196,0.30303030303030304,cp
10,0.4719101123595506,0.09523809523809523,0.0,0.0,0.6477272727272727,0.2474226804123712,0.37373737373737376,cp
11,0.2808988764044944,0.38095238095238093,0.0,0.0,0.5,0.14432989690721654,0.29292929292929293,cp
12,0.4382022471910113,0.19047619047619047,0.0,0.0,0.5227272727272728,0.21649484536082475,0.35353535353535354,cp
13,0.5730337078651686,0.40476190476190477,0.0,0.0,0.5227272727272728,0.2989690721649485,0.35353535353535354,cp
14,0.24719101123595508,0.3214285714285714,0.0,0.0,0.5454545454545455,0.13402061855670105,0.2828282828282829,cp
15,0.2808988764044944,0.28571428571428575,0.0,0.0,0.5227272727272728,0.4226804123711341,0.5252525252525253,cp
16,0.3820224719101124,0.34523809523809523,0.0,0.0,0.4318181818181819,0.21649484536082475,0.35353535353535354,cp
17,0.49438202247191015,0.130952380952381,0.0,0.0,0.6250000000000001,0.5051546391752578,0.5858585858585859,cp
18,0.25842696629213485,0.28571428571428575,0.0,0.0,0.44318181818181823,0.2577319587628867,0.38383838383838387,cp
19,0.4606741573033708,0.488095238095238,0.0,0.0,0.44318181818181823,0.18556701030927836,0.32323232323232326,cp
20,0.44943820224719105,0.34523809523809523,0.0,0.0,0.4318181818181819,0.19587628865979384,0.0,cp
21,0.34831460674157305,0.08333333333333337,0.0,0.0,0.8295454545454546,0.020618556701030938,0.14141414141414144,cp
22,0.5730337078651686,0.45238095238095244,0.0,0.0,0.46590909090909094,0.31958762886597947,0.43434343434343436,cp
23,0.33707865168539325,0.0,0.0,0.0,0.6363636363636365,0.08247422680412372,0.23232323232323235,cp
24,0.4044943820224719,0.27380952380952384,0.0,0.0,0.5454545454545455,0.19587628865979384,0.23232323232323235,cp
25,0.3258426966292135,0.25,0.0,0.0,0.5454545454545455,0.4226804123711341,0.5252525252525253,cp
26,0.2808988764044944,0.28571428571428575,0.0,0.0,0.5340909090909091,0.309278350515464,0.42424242424242425,cp
27,0.2359550561797753,0.41666666666666663,0.0,0.0,0.5681818181818182,0.2989690721649485,0.41414141414141414,cp
28,0.48314606741573035,0.25,0.0,0.0,0.6022727272727274,0.32989690721649484,0.4444444444444445,cp
29,0.48314606741573035,0.27380952380952384,0.0,0.0,0.5340909090909091,0.288659793814433,0.41414141414141414,cp
30,0.5955056179775282,0.2619047619047619,0.0,0.0,0.5,0.23711340206185572,0.36363636363636365,cp
31,0.3820224719101124,0.20238095238095238,0.0,0.0,0.4318181818181819,0.32989690721649484,0.4444444444444445,cp
32,0.6292134831460675,0.41666666666666663,0.0,0.0,0.3863636363636364,0.3505154639175258,0.4646464646464647,cp
33,0.44943820224719105,0.15476190476190477,0.0,0.0,0.4772727272727273,0.32989690721649484,0.4444444444444445,cp
34,0.2696629213483146,0.22619047619047616,0.0,0.0,0.3522727272727273,0.16494845360824745,0.31313131313131315,cp
35,0.4044943820224719,0.45238095238095244,0.0,0.0,0.46590909090909094,0.3608247422680413,0.4646464646464647,cp
36,0.3258426966292135,0.4285714285714286,0.0,0.0,0.4772727272727273,0.26804123711340205,0.393939393939394,cp
37,0.7303370786516855,0.36904761904761907,0.0,0.0,0.6704545454545455,0.27835051546391754,0.4040404040404041,cp
38,0.35955056179775285,0.30952380952380953,0.0,0.0,0.39772727272727276,0.2577319587628867,0.38383838383838387,cp
39,0.4269662921348315,0.3571428571428572,0.0,0.0,0.5454545454545455,0.19587628865979384,0.29292929292929293,cp
40,0.3707865168539326,0.34523809523809523,0.0,0.0,0.5909090909090909,0.2989690721649485,0.41414141414141414,cp
41,0.33707865168539325,0.25,0.0,0.0,0.6704545454545455,0.3917525773195876,0.494949494949495,cp
42,0.44943820224719105,0.40476190476190477,0.0,0.0,0.5113636363636365,0.37113402061855677,0.47474747474747475,cp
43,0.31460674157303375,0.2619047619047619,0.0,0.0,0.5681818181818182,0.309278350515464,0.42424242424242425,cp
44,0.6853932584269663,0.34523809523809523,0.0,0.0,0.5454545454545455,0.32989690721649484,0.41414141414141414,cp
45,0.1910112359550562,0.2619047619047619,0.0,0.0,0.5113636363636365,0.4020618556701031,0.5050505050505051,cp
46,0.49438202247191015,0.22619047619047616,0.0,0.0,0.6250000000000001,0.5360824742268042,0.6161616161616161,cp
47,0.48314606741573035,0.28571428571428575,0.0,0.0,0.44318181818181823,0.2577319587628867,0.393939393939394,cp
48,0.4719101123595506,0.22619047619047616,0.0,0.0,0.6590909090909091,0.12371134020618557,0.27272727272727276,cp
49,0.25842696629213485,0.20238095238095238,0.0,0.0,0.48863636363636365,0.309278350515464,0.43434343434343436,cp
50,0.4157303370786517,0.4285714285714286,0.0,0.0,0.4772727272727273,0.4020618556701031,0.36363636363636365,cp
51,0.3258426966292135,0.16666666666666669,0.0,0.0,0.5113636363636365,0.0,0.17171717171717174,cp
52,0.24719101123595508,0.23809523809523808,0.0,0.0,0.39772727272727276,0.37113402061855677,0.47474747474747475,cp
53,0.25842696629213485,0.5,0.0,0.0,0.42045454545454547,0.5154639175257733,0.5959595959595959,cp
54,0.5280898876404494,0.36904761904761907,0.0,0.0,0.25,0.13402061855670105,0.26262626262626265,cp
55,0.6067415730337079,0.36904761904761907,0.0,0.0,0.31818181818181823,0.309278350515464,0.42424242424242425,cp
56,0.5730337078651686,0.25,0.0,0.0,0.39772727272727276,0.3402061855670103,0.4545454545454546,cp
57,0.44943820224719105,0.22619047619047616,0.0,0.0,0.5113636363636365,0.309278350515464,0.42424242424242425,cp
58,0.49438202247191015,0.2142857142857143,0.0,0.0,0.34090909090909094,0.309278350515464,0.43434343434343436,cp
59,0.4719101123595506,0.2619047619047619,0.0,0.0,0.6136363636363638,0.31958762886597947,0.43434343434343436,cp
60,0.49438202247191015,0.4761904761904763,0.0,0.0,0.5681818181818182,0.44329896907216504,0.5454545454545455,cp
61,0.5842696629213484,0.23809523809523808,0.0,0.0,0.46590909090909094,0.2577319587628867,0.38383838383838387,cp
62,0.4044943820224719,0.2976190476190476,0.0,0.0,0.5454545454545455,0.4536082474226804,0.5454545454545455,cp
63,0.20224719101123595,0.16666666666666669,0.0,0.0,0.5227272727272728,0.21649484536082475,0.35353535353535354,cp
64,0.5280898876404494,0.15476190476190477,0.0,0.0,0.5795454545454546,0.309278350515464,0.43434343434343436,cp
65,0.2696629213483146,0.3214285714285714,0.0,0.0,0.6136363636363638,0.5051546391752578,0.5959595959595959,cp
66,0.2808988764044944,0.25,0.0,0.0,0.46590909090909094,0.309278350515464,0.42424242424242425,cp
67,0.5842696629213484,0.488095238095238,0.0,0.0,0.4772727272727273,0.4536082474226804,0.5454545454545455,cp
68,0.2808988764044944,0.25,0.0,0.0,0.48863636363636365,0.23711340206185572,0.36363636363636365,cp
69,0.39325842696629215,0.38095238095238093,0.0,0.0,0.6363636363636365,0.38144329896907225,0.48484848484848486,cp
70,0.2921348314606742,0.11904761904761907,0.0,0.0,0.3863636363636364,0.22680412371134023,0.35353535353535354,cp
71,0.49438202247191015,0.41666666666666663,0.0,0.0,0.5340909090909091,0.23711340206185572,0.36363636363636365,cp
72,0.4157303370786517,0.40476190476190477,0.0,0.0,0.4772727272727273,0.3402061855670103,0.4545454545454546,cp
73,0.49438202247191015,0.30952380952380953,0.0,0.0,0.4772727272727273,0.22680412371134023,0.20202020202020204,cp
74,0.2696629213483146,0.3214285714285714,0.0,0.0,0.42045454545454547,0.2577319587628867,0.38383838383838387,cp
75,0.4719101123595506,0.16666666666666669,0.0,0.0,0.5454545454545455,0.23711340206185572,0.36363636363636365,cp
76,0.5393258426966292,0.30952380952380953,0.0,0.0,0.5113636363636365,0.22680412371134023,0.35353535353535354,cp
77,0.4606741573033708,0.38095238095238093,0.0,0.0,0.5795454545454546,0.4226804123711341,0.5151515151515152,cp
78,0.49438202247191015,0.1428571428571429,0.0,0.0,0.48863636363636365,0.2474226804123712,0.37373737373737376,cp
79,0.3258426966292135,0.2976190476190476,0.0,0.0,0.5454545454545455,0.3608247422680413,0.4646464646464647,cp
80,0.3820224719101124,0.1428571428571429,0.0,0.0,0.46590909090909094,0.32989690721649484,0.4444444444444445,cp
81,0.4606741573033708,0.3214285714285714,0.0,0.0,0.5113636363636365,0.288659793814433,0.41414141414141414,cp
82,0.3258426966292135,0.36904761904761907,0.0,0.0,0.46590909090909094,0.20618556701030932,0.3434343434343435,cp
83,0.3820224719101124,0.4642857142857143,0.0,0.0,0.6590909090909091,0.288659793814433,0.41414141414141414,cp
84,0.4044943820224719,0.4761904761904763,0.0,0.0,0.48863636363636365,0.43298969072164956,0.5353535353535355,cp
85,0.44943820224719105,0.3571428571428572,0.0,0.0,0.5909090909090909,0.47422680412371143,0.5656565656565657,cp
86,0.5617977528089888,0.3928571428571429,0.0,0.0,0.5568181818181819,0.44329896907216504,0.5353535353535355,cp
87,0.5842696629213484,0.33333333333333337,0.0,0.0,0.42045454545454547,0.3402061855670103,0.42424242424242425,cp
88,0.5617977528089888,0.41666666666666663,0.0,0.0,0.3068181818181819,0.20618556701030932,0.3434343434343435,cp
89,0.5955056179775282,0.30952380952380953,0.0,0.0,0.18181818181818185,0.26804123711340205,0.393939393939394,cp
90,0.3820224719101124,0.3571428571428572,0.0,0.0,0.5909090909090909,0.32989690721649484,0.4444444444444445,cp
91,0.44943820224719105,0.30952380952380953,0.0,0.0,0.42045454545454547,0.2474226804123712,0.27272727272727276,cp
92,0.4606741573033708,0.3214285714285714,0.0,0.0,0.5681818181818182,0.21649484536082475,0.25252525252525254,cp
93,0.33707865168539325,0.34523809523809523,0.0,0.0,0.4090909090909091,0.18556701030927836,0.32323232323232326,cp
94,0.34831460674157305,0.36904761904761907,0.0,0.0,0.32954545454545453,0.2577319587628867,0.393939393939394,cp
95,0.7191011235955057,0.7142857142857143,0.0,0.0,0.5113636363636365,0.32989690721649484,0.38383838383838387,cp
96,0.39325842696629215,0.25,0.0,0.0,0.34090909090909094,0.31958762886597947,0.43434343434343436,cp
97,0.6404494382022472,0.45238095238095244,0.0,0.0,0.42045454545454547,0.2577319587628867,0.33333333333333337,cp
98,0.7303370786516855,0.4642857142857143,0.0,0.0,0.3863636363636364,0.3505154639175258,0.2828282828282829,cp
99,0.5730337078651686,0.3571428571428572,0.0,0.0,0.6590909090909091,0.288659793814433,0.41414141414141414,cp
100,0.4269662921348315,0.28571428571428575,0.0,0.0,0.7159090909090909,0.22680412371134023,0.35353535353535354,cp
101,0.2696629213483146,0.488095238095238,0.0,0.0,0.7159090909090909,0.31958762886597947,0.43434343434343436,cp
102,0.4269662921348315,0.11904761904761907,0.0,0.0,0.6136363636363638,0.13402061855670105,0.2828282828282829,cp
103,0.3707865168539326,0.36904761904761907,0.0,0.0,0.6022727272727274,0.15463917525773196,0.29292929292929293,cp
104,0.2696629213483146,0.2142857142857143,0.0,0.0,0.4318181818181819,0.27835051546391754,0.4040404040404041,cp
105,0.2921348314606742,0.40476190476190477,0.0,0.0,0.5,0.2989690721649485,0.41414141414141414,cp
106,0.49438202247191015,0.3928571428571429,0.0,0.0,0.44318181818181823,0.3608247422680413,0.4040404040404041,cp
107,0.48314606741573035,0.19047619047619047,0.0,0.0,0.37500000000000006,0.43298969072164956,0.5252525252525253,cp
108,0.550561797752809,0.3214285714285714,0.0,0.0,0.5568181818181819,0.27835051546391754,0.4040404040404041,cp
109,0.5280898876404494,0.1428571428571429,0.0,0.0,0.6363636363636365,0.17525773195876293,0.25252525252525254,cp
110,0.35955056179775285,0.20238095238095238,0.0,0.0,0.6818181818181819,0.030927835051546393,0.20202020202020204,cp
111,0.3820224719101124,0.22619047619047616,0.0,0.0,0.5795454545454546,0.47422680412371143,0.5656565656565657,cp
112,0.39325842696629215,0.2142857142857143,0.0,0.0,0.5227272727272728,0.27835051546391754,0.27272727272727276,cp
113,0.4269662921348315,0.16666666666666669,0.0,0.0,0.48863636363636365,0.26804123711340205,0.393939393939394,cp
114,0.4269662921348315,0.33333333333333337,0.0,0.0,0.48863636363636365,0.17525773195876293,0.31313131313131315,cp
115,0.4606741573033708,0.41666666666666663,0.0,0.0,0.6590909090909091,0.17525773195876293,0.31313131313131315,cp
116,0.3820224719101124,0.30952380952380953,0.0,0.0,0.46590909090909094,0.31958762886597947,0.43434343434343436,cp
117,0.5730337078651686,0.3928571428571429,0.0,0.0,0.6022727272727274,0.11340206185567014,0.26262626262626265,cp
118,0.2808988764044944,0.41666666666666663,0.0,0.0,0.42045454545454547,0.4020618556701031,0.5050505050505051,cp
119,0.3258426966292135,0.1428571428571429,0.0,0.0,0.5681818181818182,0.4020618556701031,0.5050505050505051,cp
120,0.2808988764044944,0.11904761904761907,0.0,0.0,0.44318181818181823,0.2989690721649485,0.42424242424242425,cp
121,0.2696629213483146,0.2976190476190476,0.0,0.0,0.5568181818181819,0.20618556701030932,0.3434343434343435,cp
122,0.1910112359550562,0.27380952380952384,0.0,0.0,0.6022727272727274,0.27835051546391754,0.393939393939394,cp
123,0.04494382022471911,0.1785714285714286,0.0,0.0,0.46590909090909094,0.26804123711340205,0.393939393939394,cp
124,0.6853932584269663,0.23809523809523808,0.0,0.0,0.5568181818181819,0.32989690721649484,0.4444444444444445,cp
125,0.3820224719101124,0.41666666666666663,0.0,0.0,0.5,0.3505154639175258,0.4646464646464647,cp
126,0.31460674157303375,0.20238095238095238,0.0,0.0,0.5113636363636365,0.19587628865979384,0.33333333333333337,cp
127,0.44943820224719105,0.3571428571428572,0.0,0.0,0.4772727272727273,0.32989690721649484,0.4444444444444445,cp
128,0.25842696629213485,0.2142857142857143,0.0,0.0,0.48863636363636365,0.23711340206185572,0.37373737373737376,cp
129,0.4157303370786517,0.33333333333333337,0.0,0.0,0.4772727272727273,0.37113402061855677,0.47474747474747475,cp
130,0.0,0.2619047619047619,0.0,0.0,0.4772727272727273,0.4639175257731959,0.5555555555555557,cp
131,0.4382022471910113,0.1785714285714286,0.0,0.0,0.4318181818181819,0.31958762886597947,0.43434343434343436,cp
132,0.33707865168539325,0.33333333333333337,0.0,0.0,0.5568181818181819,0.19587628865979384,0.33333333333333337,cp
133,0.30337078651685395,0.16666666666666669,0.0,0.0,0.8068181818181819,0.2577319587628867,0.393939393939394,cp
134,0.1910112359550562,0.4285714285714286,0.0,0.0,0.5568181818181819,0.3505154639175258,0.4646464646464647,cp
135,0.4044943820224719,0.30952380952380953,0.0,0.0,0.6022727272727274,0.2989690721649485,0.41414141414141414,cp
136,0.33707865168539325,0.25,0.0,0.0,0.48863636363636365,0.15463917525773196,0.30303030303030304,cp
137,0.2921348314606742,0.28571428571428575,0.0,0.0,0.4090909090909091,0.23711340206185572,0.37373737373737376,cp
138,0.44943820224719105,0.2976190476190476,0.0,0.0,0.6250000000000001,0.19587628865979384,0.33333333333333337,cp
139,0.24719101123595508,0.2142857142857143,0.0,0.0,0.4772727272727273,0.26804123711340205,0.393939393939394,cp
140,0.49438202247191015,0.22619047619047616,0.0,0.0,0.5,0.5051546391752578,0.5959595959595959,cp
141,0.30337078651685395,0.30952380952380953,0.0,0.0,0.42045454545454547,0.3608247422680413,0.43434343434343436,cp
142,0.17977528089887643,0.3214285714285714,0.0,0.0,0.6136363636363638,0.2474226804123712,0.37373737373737376,cp
143,0.06741573033707865,0.5357142857142857,0.0,0.0,0.5568181818181819,0.9175257731958765,0.37373737373737376,im
144,0.49438202247191015,0.4285714285714286,0.0,0.0,0.48863636363636365,0.4536082474226804,0.5454545454545455,im
145,0.7078651685393259,0.36904761904761907,0.0,0.0,0.5795454545454546,0.8144329896907216,0.8484848484848485,im
146,0.25842696629213485,0.38095238095238093,0.0,0.0,0.6704545454545455,0.8762886597938145,0.8989898989898991,im
147,0.3820224719101124,0.3928571428571429,0.0,0.0,0.6590909090909091,0.8453608247422681,0.8080808080808082,im
148,0.48314606741573035,0.28571428571428575,0.0,0.0,0.6590909090909091,0.7422680412371135,0.787878787878788,im
149,0.5168539325842697,0.5357142857142857,0.0,0.0,0.5454545454545455,0.8556701030927836,0.8787878787878788,im
150,0.30337078651685395,0.22619047619047616,0.0,0.0,0.5795454545454546,0.7628865979381444,0.7979797979797981,im
151,0.5842696629213484,0.27380952380952384,0.0,0.0,0.7386363636363638,0.7010309278350516,0.7373737373737373,im
152,0.3258426966292135,0.36904761904761907,0.0,0.0,0.8068181818181819,0.6391752577319588,0.6969696969696969,im
153,0.6179775280898877,0.36904761904761907,0.0,0.0,0.6477272727272727,0.7731958762886599,0.8080808080808082,im
154,0.1348314606741573,0.6071428571428572,0.0,0.0,0.8409090909090909,0.5670103092783505,0.6363636363636365,im
155,0.44943820224719105,0.40476190476190477,0.0,0.0,0.7386363636363638,0.8144329896907216,0.8484848484848485,im
156,0.8202247191011236,0.23809523809523808,0.0,0.0,0.6022727272727274,0.9072164948453609,0.9292929292929294,im
157,0.9438202247191012,0.33333333333333337,0.0,0.0,0.5454545454545455,0.7010309278350516,0.7474747474747475,im
158,0.5393258426966292,0.34523809523809523,0.0,0.0,0.6818181818181819,0.7731958762886599,0.8080808080808082,im
159,0.6067415730337079,0.3928571428571429,0.0,0.0,0.4545454545454546,0.8659793814432991,0.888888888888889,im
160,0.5393258426966292,0.2976190476190476,0.0,0.0,0.5795454545454546,0.8969072164948455,0.888888888888889,im
161,0.5617977528089888,0.5952380952380952,0.0,0.0,0.3522727272727273,0.9175257731958765,0.9292929292929294,im
162,0.8089887640449438,0.3571428571428572,0.0,0.0,0.5795454545454546,0.6494845360824744,0.7070707070707071,im
163,0.5280898876404494,0.4642857142857143,0.0,0.0,0.6590909090909091,0.7010309278350516,0.7575757575757576,im
164,0.3707865168539326,0.4761904761904763,0.0,0.0,0.37500000000000006,0.7731958762886599,0.8080808080808082,im
165,0.7191011235955057,0.5,0.0,0.0,0.5454545454545455,0.7731958762886599,0.7373737373737373,im
166,0.6067415730337079,0.488095238095238,0.0,0.0,0.6363636363636365,0.8041237113402063,0.8383838383838383,im
167,0.5280898876404494,0.5119047619047619,0.0,0.0,0.5909090909090909,0.752577319587629,0.7979797979797981,im
168,0.7078651685393259,0.40476190476190477,0.0,0.0,0.6704545454545455,0.8453608247422681,0.8686868686868687,im
169,0.550561797752809,0.30952380952380953,0.0,0.0,0.6022727272727274,0.7835051546391754,0.8181818181818183,im
170,0.34831460674157305,0.40476190476190477,0.0,0.0,0.6477272727272727,0.8350515463917526,0.8585858585858586,im
171,0.8314606741573034,0.33333333333333337,0.0,0.0,0.6250000000000001,0.8762886597938145,0.8989898989898991,im
172,0.3707865168539326,0.34523809523809523,0.0,0.0,0.5113636363636365,0.8762886597938145,0.8989898989898991,im
173,0.5056179775280899,0.28571428571428575,0.0,0.0,0.6931818181818182,0.731958762886598,0.7777777777777779,im
174,0.7977528089887641,0.28571428571428575,0.0,0.0,0.8068181818181819,0.6907216494845361,0.7474747474747475,im
175,0.5617977528089888,0.25,0.0,0.0,0.7500000000000001,0.6288659793814434,0.6969696969696969,im
176,0.7415730337078652,0.44047619047619047,0.0,0.0,0.6704545454545455,0.6494845360824744,0.6666666666666667,im
177,0.6741573033707865,0.5357142857142857,0.0,0.0,0.6136363636363638,0.6597938144329898,0.7171717171717171,im
178,0.9325842696629214,0.25,0.0,0.0,0.6931818181818182,0.7010309278350516,0.7474747474747475,im
179,0.3820224719101124,0.41666666666666663,0.0,0.0,0.7613636363636365,0.8969072164948455,0.9090909090909092,im
180,0.7078651685393259,0.45238095238095244,0.0,0.0,0.7386363636363638,0.7835051546391754,0.8181818181818183,im
181,0.7865168539325843,0.28571428571428575,0.0,0.0,0.6363636363636365,0.8556701030927836,0.8383838383838383,im
182,0.6741573033707865,0.40476190476190477,1.0,0.0,0.6136363636363638,0.7628865979381444,0.8080808080808082,im
183,0.17977528089887643,0.41666666666666663,0.0,0.0,0.37500000000000006,0.37113402061855677,0.48484848484848486,im
184,0.8314606741573034,0.6428571428571428,0.0,0.0,0.7500000000000001,0.6391752577319588,0.6969696969696969,im
185,0.22471910112359553,0.3571428571428572,0.0,0.0,0.6477272727272727,0.7731958762886599,0.8181818181818183,im
186,1.0,0.4642857142857143,0.0,0.0,0.5795454545454546,0.711340206185567,0.7676767676767677,im
187,0.7865168539325843,0.3571428571428572,0.0,0.0,0.6363636363636365,0.7731958762886599,0.7373737373737373,im
188,0.1348314606741573,0.3214285714285714,0.0,0.0,0.7159090909090909,0.6907216494845361,0.7474747474747475,im
189,0.6853932584269663,0.4285714285714286,0.0,0.0,0.6136363636363638,0.6597938144329898,0.5252525252525253,im
190,0.3707865168539326,0.25,0.0,0.0,0.5227272727272728,0.6391752577319588,0.6969696969696969,im
191,0.7078651685393259,0.5833333333333334,0.0,0.0,0.7500000000000001,0.6597938144329898,0.7171717171717171,im
192,0.4606741573033708,0.41666666666666663,0.0,0.0,0.6022727272727274,0.7422680412371135,0.787878787878788,im
193,0.3820224719101124,0.6071428571428572,0.0,0.0,0.5909090909090909,0.752577319587629,0.7979797979797981,im
194,0.651685393258427,0.2142857142857143,0.0,0.0,0.6363636363636365,0.8659793814432991,0.8181818181818183,im
195,0.6629213483146068,0.4761904761904763,0.0,0.0,0.6250000000000001,0.7938144329896909,0.8282828282828283,im
196,0.5730337078651686,0.28571428571428575,0.0,0.0,0.6477272727272727,0.6082474226804124,0.6767676767676769,im
197,0.5617977528089888,0.488095238095238,0.0,0.0,0.8068181818181819,0.597938144329897,0.6666666666666667,im
198,0.6741573033707865,0.3571428571428572,0.0,0.0,0.5113636363636365,0.8041237113402063,0.8383838383838383,im
199,0.4157303370786517,0.36904761904761907,0.0,0.0,0.44318181818181823,0.752577319587629,0.7979797979797981,im
200,0.651685393258427,0.4642857142857143,0.0,0.0,0.6477272727272727,0.6907216494845361,0.7474747474747475,im
201,0.4044943820224719,0.36904761904761907,0.0,0.0,0.5795454545454546,0.6804123711340206,0.7272727272727273,im
202,0.4382022471910113,0.2976190476190476,0.0,0.0,0.5909090909090909,0.711340206185567,0.7575757575757576,im
203,0.39325842696629215,0.41666666666666663,0.0,0.0,0.6931818181818182,0.7010309278350516,0.7474747474747475,im
204,0.34831460674157305,0.33333333333333337,0.0,0.0,0.5681818181818182,0.7835051546391754,0.8282828282828283,im
205,0.6853932584269663,0.5952380952380952,0.0,0.0,0.5227272727272728,0.8659793814432991,0.888888888888889,im
206,0.5393258426966292,0.3928571428571429,0.0,0.0,0.5909090909090909,0.7628865979381444,0.7171717171717171,im
207,0.12359550561797754,0.40476190476190477,0.0,0.0,0.6590909090909091,0.711340206185567,0.686868686868687,im
208,0.34831460674157305,0.23809523809523808,0.0,0.0,0.6590909090909091,0.9381443298969072,0.9494949494949495,im
209,0.7640449438202248,0.41666666666666663,0.0,0.0,0.8068181818181819,0.7422680412371135,0.787878787878788,im
210,0.7752808988764045,0.27380952380952384,0.0,0.0,0.6477272727272727,0.752577319587629,0.7979797979797981,im
211,0.5842696629213484,0.45238095238095244,0.0,0.0,0.7045454545454546,0.752577319587629,0.7979797979797981,im
212,0.5168539325842697,0.5119047619047619,0.0,0.0,0.4090909090909091,0.752577319587629,0.23232323232323235,im
213,0.4044943820224719,0.34523809523809523,0.0,0.0,0.4318181818181819,0.7835051546391754,0.17171717171717174,im
214,0.0,0.41666666666666663,0.0,0.0,0.39772727272727276,0.6597938144329898,0.4444444444444445,im
215,0.11235955056179776,0.3928571428571429,0.0,0.0,0.46590909090909094,0.6597938144329898,0.21212121212121213,im
216,0.33707865168539325,0.41666666666666663,0.0,0.0,0.4772727272727273,0.597938144329897,0.3434343434343435,im
217,0.6853932584269663,0.36904761904761907,0.0,0.0,0.0,0.7938144329896909,0.32323232323232326,im
218,0.7078651685393259,0.7023809523809523,0.0,0.0,0.7272727272727274,0.7216494845360826,0.6666666666666667,im
219,0.7977528089887641,0.4285714285714286,0.0,0.0,0.7272727272727274,1.0,1.0,im
220,0.9550561797752809,0.44047619047619047,0.0,0.0,0.6022727272727274,0.5051546391752578,0.35353535353535354,imS
221,0.7078651685393259,0.3928571428571429,0.0,0.0,0.6136363636363638,0.752577319587629,0.7979797979797981,imS
222,0.8426966292134832,0.4642857142857143,1.0,1.0,0.4545454545454546,0.4536082474226804,0.30303030303030304,imL
223,0.7865168539325843,0.27380952380952384,1.0,0.0,0.5795454545454546,0.8144329896907216,0.8484848484848485,imL
224,0.8089887640449438,0.30952380952380953,0.0,0.0,0.7386363636363638,0.7628865979381444,0.7979797979797981,imU
225,0.8876404494382023,0.2976190476190476,0.0,0.0,0.7500000000000001,0.8041237113402063,0.8383838383838383,imU
226,0.9325842696629214,0.38095238095238093,0.0,0.0,0.7386363636363638,0.752577319587629,0.7979797979797981,imU
227,0.7752808988764045,0.3214285714285714,0.0,0.0,0.6704545454545455,0.731958762886598,0.7777777777777779,imU
228,0.8876404494382023,0.23809523809523808,0.0,0.0,0.5227272727272728,0.8144329896907216,0.7070707070707071,imU
229,0.8764044943820226,0.20238095238095238,0.0,0.0,0.6477272727272727,0.7628865979381444,0.7979797979797981,imU
230,0.8426966292134832,0.25,0.0,0.0,0.7272727272727274,0.6907216494845361,0.7474747474747475,imU
231,0.6629213483146068,0.15476190476190477,0.0,0.0,0.7272727272727274,0.7422680412371135,0.7777777777777779,imU
232,0.752808988764045,0.25,0.0,0.0,0.6136363636363638,0.6288659793814434,0.686868686868687,imU
233,0.7415730337078652,0.38095238095238093,0.0,0.0,0.6136363636363638,0.6907216494845361,0.7474747474747475,imU
234,0.7191011235955057,0.3571428571428572,0.0,0.0,0.5454545454545455,0.7216494845360826,0.7676767676767677,imU
235,0.853932584269663,0.6547619047619048,0.0,0.0,0.5681818181818182,0.7010309278350516,0.7575757575757576,imU
236,0.9438202247191012,0.3928571428571429,0.0,0.0,0.6250000000000001,0.7731958762886599,0.7474747474747475,imU
237,0.8651685393258428,0.4642857142857143,0.0,0.0,0.5795454545454546,0.7731958762886599,0.7474747474747475,imU
238,0.9101123595505619,0.33333333333333337,0.0,0.0,0.4772727272727273,0.6597938144329898,0.686868686868687,imU
239,0.651685393258427,0.5238095238095238,0.0,0.0,0.6704545454545455,0.7216494845360826,0.7676767676767677,imU
240,0.7078651685393259,0.30952380952380953,0.0,0.0,0.5454545454545455,0.7628865979381444,0.8080808080808082,imU
241,0.6966292134831461,0.30952380952380953,0.0,0.0,0.6590909090909091,0.7835051546391754,0.8181818181818183,imU
242,0.9662921348314607,0.27380952380952384,0.0,0.0,0.6704545454545455,0.88659793814433,0.9090909090909092,imU
243,0.9101123595505619,0.44047619047619047,0.0,0.0,0.6477272727272727,0.8659793814432991,0.888888888888889,imU
244,0.9775280898876405,0.3928571428571429,0.0,0.0,0.6931818181818182,0.752577319587629,0.7979797979797981,imU
245,0.5280898876404494,0.3571428571428572,0.0,0.0,0.7045454545454546,0.731958762886598,0.7777777777777779,imU
246,0.853932584269663,0.2976190476190476,0.0,0.0,0.5681818181818182,0.577319587628866,0.6262626262626263,imU
247,0.7865168539325843,0.44047619047619047,0.0,0.0,0.7954545454545455,0.8556701030927836,0.8787878787878788,imU
248,0.7191011235955057,0.34523809523809523,0.0,0.0,0.7613636363636365,0.597938144329897,0.6666666666666667,imU
249,0.9101123595505619,0.4285714285714286,0.0,0.0,0.6477272727272727,0.7731958762886599,0.8080808080808082,imU
250,0.8202247191011236,0.11904761904761907,0.0,0.0,0.6477272727272727,0.7422680412371135,0.787878787878788,imU
251,0.550561797752809,0.5357142857142857,1.0,0.0,0.6363636363636365,0.7010309278350516,0.7474747474747475,imU
252,0.9887640449438203,0.30952380952380953,0.0,0.0,0.5909090909090909,0.7216494845360826,0.7575757575757576,imU
253,0.9438202247191012,0.45238095238095244,0.0,0.0,0.8522727272727273,0.9175257731958765,0.7070707070707071,imU
254,0.7078651685393259,0.41666666666666663,0.0,0.0,0.7272727272727274,0.711340206185567,0.7676767676767677,imU
255,0.9662921348314607,0.4642857142857143,0.0,0.0,0.7159090909090909,0.8041237113402063,0.8383838383838383,imU
256,0.8876404494382023,0.45238095238095244,0.0,0.0,0.5681818181818182,0.6494845360824744,0.686868686868687,imU
257,0.6404494382022472,0.2619047619047619,0.0,0.0,0.06818181818181819,0.47422680412371143,0.33333333333333337,imU
258,0.8764044943820226,0.33333333333333337,0.0,0.0,0.5113636363636365,0.7216494845360826,0.686868686868687,imU
259,0.8764044943820226,0.6190476190476191,0.0,0.0,0.9431818181818182,0.38144329896907225,0.29292929292929293,om
260,0.7078651685393259,0.6309523809523809,0.0,0.0,0.7386363636363638,0.3917525773195876,0.2828282828282829,om
261,0.752808988764045,0.8571428571428572,0.0,0.0,0.8295454545454546,0.48453608247422686,0.25252525252525254,om
262,0.6853932584269663,0.7023809523809523,0.0,0.0,0.5795454545454546,0.309278350515464,0.33333333333333337,om
263,0.752808988764045,0.8095238095238095,0.0,0.0,0.8409090909090909,0.5257731958762888,0.37373737373737376,om
264,0.8314606741573034,0.8809523809523809,0.0,0.0,0.6477272727272727,0.5154639175257733,0.29292929292929293,om
265,0.8202247191011236,0.8095238095238095,0.0,0.0,0.9772727272727273,0.5670103092783505,0.29292929292929293,om
266,0.8426966292134832,0.7142857142857143,0.0,0.0,0.9431818181818182,0.5567010309278351,0.30303030303030304,om
267,0.8651685393258428,0.488095238095238,0.0,0.0,1.0,0.5154639175257733,0.20202020202020204,om
268,0.8314606741573034,0.7380952380952381,0.0,0.0,0.8522727272727273,0.5257731958762888,0.15151515151515152,om
269,0.7640449438202248,0.7142857142857143,0.0,0.0,0.9545454545454546,0.43298969072164956,0.27272727272727276,om
270,0.6292134831460675,0.6190476190476191,0.0,0.0,0.8750000000000001,0.3402061855670103,0.4545454545454546,om
271,0.7303370786516855,0.41666666666666663,0.0,0.0,0.7500000000000001,0.5257731958762888,0.33333333333333337,om
272,0.5842696629213484,0.7738095238095238,0.0,0.0,0.8181818181818182,0.3608247422680413,0.38383838383838387,om
273,0.7191011235955057,0.488095238095238,0.0,0.0,0.7954545454545455,0.309278350515464,0.26262626262626265,om
274,0.6741573033707865,0.7142857142857143,1.0,0.0,0.8750000000000001,0.577319587628866,0.5252525252525253,om
275,0.7752808988764045,0.5119047619047619,0.0,0.0,0.8750000000000001,0.37113402061855677,0.21212121212121213,om
276,0.7078651685393259,0.3928571428571429,0.0,0.0,0.8977272727272728,0.43298969072164956,0.2828282828282829,om
277,0.7977528089887641,0.6547619047619048,0.0,0.0,0.7727272727272728,0.4123711340206186,0.36363636363636365,om
278,0.7640449438202248,0.5595238095238095,0.0,0.0,0.8295454545454546,0.38144329896907225,0.30303030303030304,om
279,0.8651685393258428,0.488095238095238,1.0,0.0,0.42045454545454547,0.5257731958762888,0.010101010101010102,omL
280,0.7415730337078652,0.3928571428571429,1.0,0.0,0.6136363636363638,0.5463917525773198,0.36363636363636365,omL
281,0.7977528089887641,0.3571428571428572,1.0,0.0,0.5909090909090909,0.577319587628866,0.30303030303030304,omL
282,0.752808988764045,0.4642857142857143,1.0,0.0,0.7500000000000001,0.5670103092783505,0.16161616161616163,omL
283,0.7640449438202248,0.3928571428571429,1.0,0.0,0.7045454545454546,0.5360824742268042,0.2828282828282829,omL
284,0.8314606741573034,0.3928571428571429,0.0,0.0,0.4772727272727273,0.5257731958762888,0.36363636363636365,pp
285,0.7865168539325843,0.5357142857142857,0.0,0.0,0.6363636363636365,0.5051546391752578,0.43434343434343436,pp
286,0.7415730337078652,0.8333333333333333,0.0,0.0,0.3863636363636364,0.3917525773195876,0.36363636363636365,pp
287,0.8202247191011236,0.7380952380952381,0.0,0.0,0.6590909090909091,0.4948453608247423,0.31313131313131315,pp
288,0.7303370786516855,0.488095238095238,0.0,0.0,0.5340909090909091,0.4536082474226804,0.5151515151515152,pp
289,0.8089887640449438,0.8333333333333333,0.0,0.0,0.1931818181818182,0.5360824742268042,0.21212121212121213,pp
290,0.752808988764045,0.6428571428571428,0.0,0.0,0.5227272727272728,0.43298969072164956,0.33333333333333337,pp
291,0.752808988764045,0.7738095238095238,0.0,0.0,0.6136363636363638,0.47422680412371143,0.23232323232323235,pp
292,0.752808988764045,0.5357142857142857,0.0,0.0,0.5795454545454546,0.3505154639175258,0.38383838383838387,pp
293,0.7078651685393259,1.0,0.0,0.0,0.39772727272727276,0.4948453608247423,0.494949494949495,pp
294,0.6404494382022472,0.5119047619047619,0.0,0.0,0.44318181818181823,0.4536082474226804,0.33333333333333337,pp
295,0.7977528089887641,0.6547619047619048,0.0,0.0,0.4545454545454546,0.5257731958762888,0.393939393939394,pp
296,0.7415730337078652,0.6904761904761905,0.0,0.0,0.3522727272727273,0.3608247422680413,0.43434343434343436,pp
297,0.752808988764045,0.7738095238095238,0.0,0.0,0.2840909090909091,0.4020618556701031,0.25252525252525254,pp
298,0.7191011235955057,0.6666666666666666,0.0,0.0,0.5568181818181819,0.4020618556701031,0.19191919191919193,pp
299,0.7640449438202248,0.7857142857142857,0.0,0.0,0.4318181818181819,0.6391752577319588,0.5656565656565657,pp
300,0.35955056179775285,0.27380952380952384,0.0,0.0,0.6022727272727274,0.2577319587628867,0.38383838383838387,pp
301,0.7865168539325843,0.5714285714285714,0.0,0.0,0.5340909090909091,0.4948453608247423,0.47474747474747475,pp
302,0.7078651685393259,0.488095238095238,0.0,0.0,0.5568181818181819,0.6907216494845361,0.20202020202020204,pp
303,0.8314606741573034,0.7857142857142857,0.0,0.0,0.5568181818181819,0.47422680412371143,0.41414141414141414,pp
304,0.7078651685393259,0.8333333333333333,0.0,0.0,0.44318181818181823,0.4536082474226804,0.3434343434343435,pp
305,0.7078651685393259,0.7976190476190476,0.0,0.0,0.4545454545454546,0.37113402061855677,0.19191919191919193,pp
306,0.7078651685393259,0.6547619047619048,0.0,0.0,0.6818181818181819,0.38144329896907225,0.393939393939394,pp
307,0.7977528089887641,0.8333333333333333,0.0,0.0,0.4545454545454546,0.5257731958762888,0.32323232323232326,pp
308,0.7640449438202248,0.7380952380952381,0.0,0.0,0.48863636363636365,0.4226804123711341,0.42424242424242425,pp
309,0.7191011235955057,0.8095238095238095,0.0,0.0,0.42045454545454547,0.43298969072164956,0.4040404040404041,pp
310,0.8314606741573034,0.36904761904761907,0.0,0.0,0.5681818181818182,0.5567010309278351,0.42424242424242425,pp
311,0.8426966292134832,0.8095238095238095,0.0,0.0,0.39772727272727276,0.5051546391752578,0.33333333333333337,pp
312,0.7078651685393259,0.5833333333333334,0.0,0.0,0.44318181818181823,0.4226804123711341,0.35353535353535354,pp
313,0.7752808988764045,0.6071428571428572,0.0,0.0,0.34090909090909094,0.37113402061855677,0.24242424242424243,pp
314,0.7865168539325843,0.6547619047619048,0.0,0.0,0.4772727272727273,0.8350515463917526,0.8585858585858586,pp
315,0.7752808988764045,0.761904761904762,0.0,0.0,0.5227272727272728,0.5567010309278351,0.26262626262626265,pp
316,0.7191011235955057,0.5952380952380952,0.0,0.0,0.46590909090909094,0.37113402061855677,0.20202020202020204,pp
317,0.7078651685393259,0.761904761904762,0.0,0.0,0.5227272727272728,0.288659793814433,0.29292929292929293,pp
318,0.7415730337078652,0.6547619047619048,0.0,0.0,0.46590909090909094,0.48453608247422686,0.35353535353535354,pp
319,0.7752808988764045,0.5119047619047619,0.0,0.0,0.5227272727272728,0.4226804123711341,0.5252525252525253,pp
320,0.7640449438202248,0.6071428571428572,0.0,0.0,0.5568181818181819,0.38144329896907225,0.3434343434343435,pp
321,0.7191011235955057,0.7380952380952381,0.0,0.0,0.5681818181818182,0.3402061855670103,0.38383838383838387,pp
322,0.6966292134831461,0.7380952380952381,0.0,0.0,0.5340909090909091,0.47422680412371143,0.5454545454545455,pp
323,0.853932584269663,0.6785714285714286,0.0,0.0,0.5,0.37113402061855677,0.393939393939394,pp
324,0.7191011235955057,0.7738095238095238,0.0,0.0,0.42045454545454547,0.37113402061855677,0.4444444444444445,pp
325,0.3258426966292135,0.27380952380952384,0.0,0.0,0.5909090909090909,0.38144329896907225,0.48484848484848486,pp
326,0.6966292134831461,0.7976190476190476,0.0,0.0,0.5227272727272728,0.3402061855670103,0.4040404040404041,pp
327,0.6292134831460675,0.45238095238095244,0.0,0.0,0.48863636363636365,0.3505154639175258,0.30303030303030304,pp
328,0.7752808988764045,0.5952380952380952,0.0,0.0,0.46590909090909094,0.48453608247422686,0.25252525252525254,pp
329,0.7752808988764045,0.5833333333333334,0.0,0.0,0.7159090909090909,0.4639175257731959,0.41414141414141414,pp
330,0.48314606741573035,0.5119047619047619,0.0,0.0,0.5909090909090909,0.47422680412371143,0.5656565656565657,pp
331,0.8314606741573034,0.4761904761904763,0.0,0.0,0.5340909090909091,0.6701030927835053,0.30303030303030304,pp
332,0.7977528089887641,0.488095238095238,0.0,0.0,0.5454545454545455,0.32989690721649484,0.32323232323232326,pp
333,0.6853932584269663,0.5238095238095238,0.0,0.0,0.5,0.37113402061855677,0.38383838383838387,pp
334,0.6629213483146068,0.5357142857142857,0.0,0.0,0.4772727272727273,0.4020618556701031,0.37373737373737376,pp
335,0.8314606741573034,0.6904761904761905,0.0,0.0,0.3522727272727273,0.5154639175257733,0.5252525252525253,pp
